INFO:     Started server process [2347]
INFO:     Waiting for application startup.
2026-09-17 18:24:19,307 [INFO] httpx: HTTP Request: POST https://api.telegram.org/bot8697646564:AAEr7EU-tV5yTUAVl1FRpak_g6xXf9VDp14/getMe "HTTP/1.1 200 OK"
2026-09-17 18:24:19,308 [INFO] app.main: main bot: @XOAU_J_bot (id=8697646564)
2026-09-17 18:24:19,331 [INFO] app.main: bot emoji loaded: custom
2026-09-17 18:24:19,858 [INFO] httpx: HTTP Request: GET https://m-c-v-m-bot-default-rtdb.asia-southeast1.firebasedatabase.app/users.json "HTTP/1.1 200 OK"
2026-09-17 18:24:20,210 [INFO] app.import_firebase_users: Firebase users found: 575
2026-09-17 18:24:20,591 [INFO] app.main: Firebase import: total=575 imported=0 skipped=575 errors=0
2026-09-17 18:24:20,595 [INFO] app.firebase_sync: firebase: FIREBASE_SERVICE_ACCOUNT_JSON not set — sync disabled
2026-09-17 18:24:20,599 [INFO] app.main: AI auto-heal loop scheduled
2026-09-17 18:24:20,599 [INFO] app.main: startup complete (port=8080)
2026-09-17 18:24:20,600 [INFO] app.auto_heal: AI auto-heal loop started (interval=120s)
2026-09-17 18:24:20,600 [INFO] app.main: starting polling loop
INFO:     Application startup complete.
INFO:     Uvicorn running on http://127.0.0.1:8080 (Press CTRL+C to quit)
2026-09-17 18:24:20,603 [WARNING] app.runner: TIKZOOM_SANDBOX='host' -> host subprocess runner (sandbox_shim active)
2026-09-17 18:24:20,745 [INFO] httpx: HTTP Request: POST https://api.telegram.org/bot8697646564:AAEr7EU-tV5yTUAVl1FRpak_g6xXf9VDp14/deleteWebhook "HTTP/1.1 200 OK"
2026-09-17 18:24:21,069 [INFO] httpx: HTTP Request: POST https://api.telegram.org/bot8697646564:AAEr7EU-tV5yTUAVl1FRpak_g6xXf9VDp14/setChatMenuButton "HTTP/1.1 400 Bad Request"
2026-09-17 18:24:21,069 [WARNING] app.main: setChatMenuButton failed: setChatMenuButton: Bad Request: menu button Web App URL 'https://localhost/app/?v=20260917182420-fb77ae' is invalid: Wrong HTTP URL
2026-09-17 18:24:45,890 [INFO] httpx: HTTP Request: POST https://api.telegram.org/bot8697646564:AAEr7EU-tV5yTUAVl1FRpak_g6xXf9VDp14/getUpdates "HTTP/1.1 200 OK"
INFO:     127.0.0.1:55560 - "GET /healthz HTTP/1.1" 200 OK
2026-09-17 18:25:11,035 [INFO] httpx: HTTP Request: POST https://api.telegram.org/bot8697646564:AAEr7EU-tV5yTUAVl1FRpak_g6xXf9VDp14/getUpdates "HTTP/1.1 200 OK"
2026-09-17 18:25:36,180 [INFO] httpx: HTTP Request: POST https://api.telegram.org/bot8697646564:AAEr7EU-tV5yTUAVl1FRpak_g6xXf9VDp14/getUpdates "HTTP/1.1 200 OK"
2026-09-17 18:26:01,326 [INFO] httpx: HTTP Request: POST https://api.telegram.org/bot8697646564:AAEr7EU-tV5yTUAVl1FRpak_g6xXf9VDp14/getUpdates "HTTP/1.1 200 OK"
2026-09-17 18:26:20,738 [INFO] app.auto_heal: auto-heal: cleaned stopped containers
2026-09-17 18:26:26,472 [INFO] httpx: HTTP Request: POST https://api.telegram.org/bot8697646564:AAEr7EU-tV5yTUAVl1FRpak_g6xXf9VDp14/getUpdates "HTTP/1.1 200 OK"
2026-09-17 18:26:51,618 [INFO] httpx: HTTP Request: POST https://api.telegram.org/bot8697646564:AAEr7EU-tV5yTUAVl1FRpak_g6xXf9VDp14/getUpdates "HTTP/1.1 200 OK"
2026-09-17 18:27:16,764 [INFO] httpx: HTTP Request: POST https://api.telegram.org/bot8697646564:AAEr7EU-tV5yTUAVl1FRpak_g6xXf9VDp14/getUpdates "HTTP/1.1 200 OK"
2026-09-17 18:27:41,910 [INFO] httpx: HTTP Request: POST https://api.telegram.org/bot8697646564:AAEr7EU-tV5yTUAVl1FRpak_g6xXf9VDp14/getUpdates "HTTP/1.1 200 OK"
2026-09-17 18:28:07,056 [INFO] httpx: HTTP Request: POST https://api.telegram.org/bot8697646564:AAEr7EU-tV5yTUAVl1FRpak_g6xXf9VDp14/getUpdates "HTTP/1.1 200 OK"
2026-09-17 18:28:20,774 [INFO] app.auto_heal: auto-heal: cleaned stopped containers
2026-09-17 18:28:32,203 [INFO] httpx: HTTP Request: POST https://api.telegram.org/bot8697646564:AAEr7EU-tV5yTUAVl1FRpak_g6xXf9VDp14/getUpdates "HTTP/1.1 200 OK"
2026-09-17 18:28:57,349 [INFO] httpx: HTTP Request: POST https://api.telegram.org/bot8697646564:AAEr7EU-tV5yTUAVl1FRpak_g6xXf9VDp14/getUpdates "HTTP/1.1 200 OK"
2026-09-17 18:29:22,494 [INFO] httpx: HTTP Request: POST https://api.telegram.org/bot8697646564:AAEr7EU-tV5yTUAVl1FRpak_g6xXf9VDp14/getUpdates "HTTP/1.1 200 OK"
2026-09-17 18:29:47,640 [INFO] httpx: HTTP Request: POST https://api.telegram.org/bot8697646564:AAEr7EU-tV5yTUAVl1FRpak_g6xXf9VDp14/getUpdates "HTTP/1.1 200 OK"
2026-09-17 18:30:12,786 [INFO] httpx: HTTP Request: POST https://api.telegram.org/bot8697646564:AAEr7EU-tV5yTUAVl1FRpak_g6xXf9VDp14/getUpdates "HTTP/1.1 200 OK"
2026-09-17 18:30:20,813 [INFO] app.auto_heal: auto-heal: cleaned stopped containers
2026-09-17 18:30:37,932 [INFO] httpx: HTTP Request: POST https://api.telegram.org/bot8697646564:AAEr7EU-tV5yTUAVl1FRpak_g6xXf9VDp14/getUpdates "HTTP/1.1 200 OK"
2026-09-17 18:31:03,078 [INFO] httpx: HTTP Request: POST https://api.telegram.org/bot8697646564:AAEr7EU-tV5yTUAVl1FRpak_g6xXf9VDp14/getUpdates "HTTP/1.1 200 OK"
2026-09-17 18:31:28,225 [INFO] httpx: HTTP Request: POST https://api.telegram.org/bot8697646564:AAEr7EU-tV5yTUAVl1FRpak_g6xXf9VDp14/getUpdates "HTTP/1.1 200 OK"
2026-09-17 18:31:53,371 [INFO] httpx: HTTP Request: POST https://api.telegram.org/bot8697646564:AAEr7EU-tV5yTUAVl1FRpak_g6xXf9VDp14/getUpdates "HTTP/1.1 200 OK"
2026-09-17 18:32:18,516 [INFO] httpx: HTTP Request: POST https://api.telegram.org/bot8697646564:AAEr7EU-tV5yTUAVl1FRpak_g6xXf9VDp14/getUpdates "HTTP/1.1 200 OK"
2026-09-17 18:32:20,848 [INFO] app.auto_heal: auto-heal: cleaned stopped containers
2026-09-17 18:32:43,662 [INFO] httpx: HTTP Request: POST https://api.telegram.org/bot8697646564:AAEr7EU-tV5yTUAVl1FRpak_g6xXf9VDp14/getUpdates "HTTP/1.1 200 OK"
2026-09-17 18:33:08,807 [INFO] httpx: HTTP Request: POST https://api.telegram.org/bot8697646564:AAEr7EU-tV5yTUAVl1FRpak_g6xXf9VDp14/getUpdates "HTTP/1.1 200 OK"
2026-09-17 18:33:33,953 [INFO] httpx: HTTP Request: POST https://api.telegram.org/bot8697646564:AAEr7EU-tV5yTUAVl1FRpak_g6xXf9VDp14/getUpdates "HTTP/1.1 200 OK"
2026-09-17 18:33:59,098 [INFO] httpx: HTTP Request: POST https://api.telegram.org/bot8697646564:AAEr7EU-tV5yTUAVl1FRpak_g6xXf9VDp14/getUpdates "HTTP/1.1 200 OK"
2026-09-17 18:34:20,883 [INFO] app.auto_heal: auto-heal: cleaned stopped containers
2026-09-17 18:34:24,245 [INFO] httpx: HTTP Request: POST https://api.telegram.org/bot8697646564:AAEr7EU-tV5yTUAVl1FRpak_g6xXf9VDp14/getUpdates "HTTP/1.1 200 OK"
2026-09-17 18:34:49,391 [INFO] httpx: HTTP Request: POST https://api.telegram.org/bot8697646564:AAEr7EU-tV5yTUAVl1FRpak_g6xXf9VDp14/getUpdates "HTTP/1.1 200 OK"
2026-09-17 18:35:14,536 [INFO] httpx: HTTP Request: POST https://api.telegram.org/bot8697646564:AAEr7EU-tV5yTUAVl1FRpak_g6xXf9VDp14/getUpdates "HTTP/1.1 200 OK"
2026-09-17 18:35:39,682 [INFO] httpx: HTTP Request: POST https://api.telegram.org/bot8697646564:AAEr7EU-tV5yTUAVl1FRpak_g6xXf9VDp14/getUpdates "HTTP/1.1 200 OK"
2026-09-17 18:36:04,826 [INFO] httpx: HTTP Request: POST https://api.telegram.org/bot8697646564:AAEr7EU-tV5yTUAVl1FRpak_g6xXf9VDp14/getUpdates "HTTP/1.1 200 OK"
2026-09-17 18:36:20,920 [INFO] app.auto_heal: auto-heal: cleaned stopped containers
2026-09-17 18:36:29,971 [INFO] httpx: HTTP Request: POST https://api.telegram.org/bot8697646564:AAEr7EU-tV5yTUAVl1FRpak_g6xXf9VDp14/getUpdates "HTTP/1.1 200 OK"
2026-09-17 18:36:55,116 [INFO] httpx: HTTP Request: POST https://api.telegram.org/bot8697646564:AAEr7EU-tV5yTUAVl1FRpak_g6xXf9VDp14/getUpdates "HTTP/1.1 200 OK"
2026-09-17 18:37:20,263 [INFO] httpx: HTTP Request: POST https://api.telegram.org/bot8697646564:AAEr7EU-tV5yTUAVl1FRpak_g6xXf9VDp14/getUpdates "HTTP/1.1 200 OK"
2026-09-17 18:37:45,408 [INFO] httpx: HTTP Request: POST https://api.telegram.org/bot8697646564:AAEr7EU-tV5yTUAVl1FRpak_g6xXf9VDp14/getUpdates "HTTP/1.1 200 OK"
2026-09-17 18:38:10,555 [INFO] httpx: HTTP Request: POST https://api.telegram.org/bot8697646564:AAEr7EU-tV5yTUAVl1FRpak_g6xXf9VDp14/getUpdates "HTTP/1.1 200 OK"
2026-09-17 18:38:20,958 [INFO] app.auto_heal: auto-heal: cleaned stopped containers
2026-09-17 18:38:35,700 [INFO] httpx: HTTP Request: POST https://api.telegram.org/bot8697646564:AAEr7EU-tV5yTUAVl1FRpak_g6xXf9VDp14/getUpdates "HTTP/1.1 200 OK"
2026-09-17 18:39:00,847 [INFO] httpx: HTTP Request: POST https://api.telegram.org/bot8697646564:AAEr7EU-tV5yTUAVl1FRpak_g6xXf9VDp14/getUpdates "HTTP/1.1 200 OK"
2026-09-17 18:39:25,993 [INFO] httpx: HTTP Request: POST https://api.telegram.org/bot8697646564:AAEr7EU-tV5yTUAVl1FRpak_g6xXf9VDp14/getUpdates "HTTP/1.1 200 OK"
2026-09-17 18:39:51,138 [INFO] httpx: HTTP Request: POST https://api.telegram.org/bot8697646564:AAEr7EU-tV5yTUAVl1FRpak_g6xXf9VDp14/getUpdates "HTTP/1.1 200 OK"
2026-09-17 18:40:16,284 [INFO] httpx: HTTP Request: POST https://api.telegram.org/bot8697646564:AAEr7EU-tV5yTUAVl1FRpak_g6xXf9VDp14/getUpdates "HTTP/1.1 200 OK"
2026-09-17 18:40:20,992 [INFO] app.auto_heal: auto-heal: cleaned stopped containers
2026-09-17 18:40:41,430 [INFO] httpx: HTTP Request: POST https://api.telegram.org/bot8697646564:AAEr7EU-tV5yTUAVl1FRpak_g6xXf9VDp14/getUpdates "HTTP/1.1 200 OK"
2026-09-17 18:41:06,575 [INFO] httpx: HTTP Request: POST https://api.telegram.org/bot8697646564:AAEr7EU-tV5yTUAVl1FRpak_g6xXf9VDp14/getUpdates "HTTP/1.1 200 OK"
2026-09-17 18:41:31,720 [INFO] httpx: HTTP Request: POST https://api.telegram.org/bot8697646564:AAEr7EU-tV5yTUAVl1FRpak_g6xXf9VDp14/getUpdates "HTTP/1.1 200 OK"
2026-09-17 18:41:56,865 [INFO] httpx: HTTP Request: POST https://api.telegram.org/bot8697646564:AAEr7EU-tV5yTUAVl1FRpak_g6xXf9VDp14/getUpdates "HTTP/1.1 200 OK"
2026-09-17 18:42:21,030 [INFO] app.auto_heal: auto-heal: cleaned stopped containers
2026-09-17 18:42:22,011 [INFO] httpx: HTTP Request: POST https://api.telegram.org/bot8697646564:AAEr7EU-tV5yTUAVl1FRpak_g6xXf9VDp14/getUpdates "HTTP/1.1 200 OK"
2026-09-17 18:42:47,157 [INFO] httpx: HTTP Request: POST https://api.telegram.org/bot8697646564:AAEr7EU-tV5yTUAVl1FRpak_g6xXf9VDp14/getUpdates "HTTP/1.1 200 OK"
2026-09-17 18:43:12,303 [INFO] httpx: HTTP Request: POST https://api.telegram.org/bot8697646564:AAEr7EU-tV5yTUAVl1FRpak_g6xXf9VDp14/getUpdates "HTTP/1.1 200 OK"
2026-09-17 18:43:37,456 [INFO] httpx: HTTP Request: POST https://api.telegram.org/bot8697646564:AAEr7EU-tV5yTUAVl1FRpak_g6xXf9VDp14/getUpdates "HTTP/1.1 200 OK"
2026-09-17 18:44:02,602 [INFO] httpx: HTTP Request: POST https://api.telegram.org/bot8697646564:AAEr7EU-tV5yTUAVl1FRpak_g6xXf9VDp14/getUpdates "HTTP/1.1 200 OK"
2026-09-17 18:44:21,064 [INFO] app.auto_heal: auto-heal: cleaned stopped containers
2026-09-17 18:44:27,748 [INFO] httpx: HTTP Request: POST https://api.telegram.org/bot8697646564:AAEr7EU-tV5yTUAVl1FRpak_g6xXf9VDp14/getUpdates "HTTP/1.1 200 OK"
2026-09-17 18:44:52,895 [INFO] httpx: HTTP Request: POST https://api.telegram.org/bot8697646564:AAEr7EU-tV5yTUAVl1FRpak_g6xXf9VDp14/getUpdates "HTTP/1.1 200 OK"
2026-09-17 18:45:18,040 [INFO] httpx: HTTP Request: POST https://api.telegram.org/bot8697646564:AAEr7EU-tV5yTUAVl1FRpak_g6xXf9VDp14/getUpdates "HTTP/1.1 200 OK"
2026-09-17 18:45:43,185 [INFO] httpx: HTTP Request: POST https://api.telegram.org/bot8697646564:AAEr7EU-tV5yTUAVl1FRpak_g6xXf9VDp14/getUpdates "HTTP/1.1 200 OK"
2026-09-17 18:46:08,329 [INFO] httpx: HTTP Request: POST https://api.telegram.org/bot8697646564:AAEr7EU-tV5yTUAVl1FRpak_g6xXf9VDp14/getUpdates "HTTP/1.1 200 OK"
2026-09-17 18:46:21,099 [INFO] app.auto_heal: auto-heal: cleaned stopped containers
2026-09-17 18:46:33,474 [INFO] httpx: HTTP Request: POST https://api.telegram.org/bot8697646564:AAEr7EU-tV5yTUAVl1FRpak_g6xXf9VDp14/getUpdates "HTTP/1.1 200 OK"
2026-09-17 18:46:58,621 [INFO] httpx: HTTP Request: POST https://api.telegram.org/bot8697646564:AAEr7EU-tV5yTUAVl1FRpak_g6xXf9VDp14/getUpdates "HTTP/1.1 200 OK"
2026-09-17 18:47:23,766 [INFO] httpx: HTTP Request: POST https://api.telegram.org/bot8697646564:AAEr7EU-tV5yTUAVl1FRpak_g6xXf9VDp14/getUpdates "HTTP/1.1 200 OK"
2026-09-17 18:47:48,911 [INFO] httpx: HTTP Request: POST https://api.telegram.org/bot8697646564:AAEr7EU-tV5yTUAVl1FRpak_g6xXf9VDp14/getUpdates "HTTP/1.1 200 OK"
2026-09-17 18:48:14,057 [INFO] httpx: HTTP Request: POST https://api.telegram.org/bot8697646564:AAEr7EU-tV5yTUAVl1FRpak_g6xXf9VDp14/getUpdates "HTTP/1.1 200 OK"
2026-09-17 18:48:21,143 [INFO] app.auto_heal: auto-heal: cleaned stopped containers
2026-09-17 18:48:39,202 [INFO] httpx: HTTP Request: POST https://api.telegram.org/bot8697646564:AAEr7EU-tV5yTUAVl1FRpak_g6xXf9VDp14/getUpdates "HTTP/1.1 200 OK"
2026-09-17 18:49:04,349 [INFO] httpx: HTTP Request: POST https://api.telegram.org/bot8697646564:AAEr7EU-tV5yTUAVl1FRpak_g6xXf9VDp14/getUpdates "HTTP/1.1 200 OK"
2026-09-17 18:49:29,494 [INFO] httpx: HTTP Request: POST https://api.telegram.org/bot8697646564:AAEr7EU-tV5yTUAVl1FRpak_g6xXf9VDp14/getUpdates "HTTP/1.1 200 OK"
2026-09-17 18:49:54,646 [INFO] httpx: HTTP Request: POST https://api.telegram.org/bot8697646564:AAEr7EU-tV5yTUAVl1FRpak_g6xXf9VDp14/getUpdates "HTTP/1.1 200 OK"
2026-09-17 18:50:19,792 [INFO] httpx: HTTP Request: POST https://api.telegram.org/bot8697646564:AAEr7EU-tV5yTUAVl1FRpak_g6xXf9VDp14/getUpdates "HTTP/1.1 200 OK"
2026-09-17 18:50:21,177 [INFO] app.auto_heal: auto-heal: cleaned stopped containers
2026-09-17 18:50:44,941 [INFO] httpx: HTTP Request: POST https://api.telegram.org/bot8697646564:AAEr7EU-tV5yTUAVl1FRpak_g6xXf9VDp14/getUpdates "HTTP/1.1 200 OK"
2026-09-17 18:51:10,087 [INFO] httpx: HTTP Request: POST https://api.telegram.org/bot8697646564:AAEr7EU-tV5yTUAVl1FRpak_g6xXf9VDp14/getUpdates "HTTP/1.1 200 OK"
2026-09-17 18:51:35,232 [INFO] httpx: HTTP Request: POST https://api.telegram.org/bot8697646564:AAEr7EU-tV5yTUAVl1FRpak_g6xXf9VDp14/getUpdates "HTTP/1.1 200 OK"
2026-09-17 18:52:00,378 [INFO] httpx: HTTP Request: POST https://api.telegram.org/bot8697646564:AAEr7EU-tV5yTUAVl1FRpak_g6xXf9VDp14/getUpdates "HTTP/1.1 200 OK"
2026-09-17 18:52:21,208 [INFO] app.auto_heal: auto-heal: cleaned stopped containers
2026-09-17 18:52:25,524 [INFO] httpx: HTTP Request: POST https://api.telegram.org/bot8697646564:AAEr7EU-tV5yTUAVl1FRpak_g6xXf9VDp14/getUpdates "HTTP/1.1 200 OK"
2026-09-17 18:52:50,670 [INFO] httpx: HTTP Request: POST https://api.telegram.org/bot8697646564:AAEr7EU-tV5yTUAVl1FRpak_g6xXf9VDp14/getUpdates "HTTP/1.1 200 OK"
2026-09-17 18:53:15,815 [INFO] httpx: HTTP Request: POST https://api.telegram.org/bot8697646564:AAEr7EU-tV5yTUAVl1FRpak_g6xXf9VDp14/getUpdates "HTTP/1.1 200 OK"
2026-09-17 18:53:40,961 [INFO] httpx: HTTP Request: POST https://api.telegram.org/bot8697646564:AAEr7EU-tV5yTUAVl1FRpak_g6xXf9VDp14/getUpdates "HTTP/1.1 200 OK"
2026-09-17 18:54:06,107 [INFO] httpx: HTTP Request: POST https://api.telegram.org/bot8697646564:AAEr7EU-tV5yTUAVl1FRpak_g6xXf9VDp14/getUpdates "HTTP/1.1 200 OK"
2026-09-17 18:54:21,245 [INFO] app.auto_heal: auto-heal: cleaned stopped containers
2026-09-17 18:54:31,253 [INFO] httpx: HTTP Request: POST https://api.telegram.org/bot8697646564:AAEr7EU-tV5yTUAVl1FRpak_g6xXf9VDp14/getUpdates "HTTP/1.1 200 OK"
2026-09-17 18:54:56,399 [INFO] httpx: HTTP Request: POST https://api.telegram.org/bot8697646564:AAEr7EU-tV5yTUAVl1FRpak_g6xXf9VDp14/getUpdates "HTTP/1.1 200 OK"
2026-09-17 18:55:21,546 [INFO] httpx: HTTP Request: POST https://api.telegram.org/bot8697646564:AAEr7EU-tV5yTUAVl1FRpak_g6xXf9VDp14/getUpdates "HTTP/1.1 200 OK"
2026-09-17 18:55:46,691 [INFO] httpx: HTTP Request: POST https://api.telegram.org/bot8697646564:AAEr7EU-tV5yTUAVl1FRpak_g6xXf9VDp14/getUpdates "HTTP/1.1 200 OK"
2026-09-17 18:56:11,836 [INFO] httpx: HTTP Request: POST https://api.telegram.org/bot8697646564:AAEr7EU-tV5yTUAVl1FRpak_g6xXf9VDp14/getUpdates "HTTP/1.1 200 OK"
2026-09-17 18:56:21,281 [INFO] app.auto_heal: auto-heal: cleaned stopped containers
2026-09-17 18:56:36,982 [INFO] httpx: HTTP Request: POST https://api.telegram.org/bot8697646564:AAEr7EU-tV5yTUAVl1FRpak_g6xXf9VDp14/getUpdates "HTTP/1.1 200 OK"
2026-09-17 18:57:02,130 [INFO] httpx: HTTP Request: POST https://api.telegram.org/bot8697646564:AAEr7EU-tV5yTUAVl1FRpak_g6xXf9VDp14/getUpdates "HTTP/1.1 200 OK"
2026-09-17 18:57:27,279 [INFO] httpx: HTTP Request: POST https://api.telegram.org/bot8697646564:AAEr7EU-tV5yTUAVl1FRpak_g6xXf9VDp14/getUpdates "HTTP/1.1 200 OK"
2026-09-17 18:57:52,430 [INFO] httpx: HTTP Request: POST https://api.telegram.org/bot8697646564:AAEr7EU-tV5yTUAVl1FRpak_g6xXf9VDp14/getUpdates "HTTP/1.1 200 OK"
2026-09-17 18:58:17,579 [INFO] httpx: HTTP Request: POST https://api.telegram.org/bot8697646564:AAEr7EU-tV5yTUAVl1FRpak_g6xXf9VDp14/getUpdates "HTTP/1.1 200 OK"
2026-09-17 18:58:21,317 [INFO] app.auto_heal: auto-heal: cleaned stopped containers
2026-09-17 18:58:42,729 [INFO] httpx: HTTP Request: POST https://api.telegram.org/bot8697646564:AAEr7EU-tV5yTUAVl1FRpak_g6xXf9VDp14/getUpdates "HTTP/1.1 200 OK"
2026-09-17 18:59:07,879 [INFO] httpx: HTTP Request: POST https://api.telegram.org/bot8697646564:AAEr7EU-tV5yTUAVl1FRpak_g6xXf9VDp14/getUpdates "HTTP/1.1 200 OK"
2026-09-17 18:59:33,028 [INFO] httpx: HTTP Request: POST https://api.telegram.org/bot8697646564:AAEr7EU-tV5yTUAVl1FRpak_g6xXf9VDp14/getUpdates "HTTP/1.1 200 OK"
2026-09-17 18:59:58,177 [INFO] httpx: HTTP Request: POST https://api.telegram.org/bot8697646564:AAEr7EU-tV5yTUAVl1FRpak_g6xXf9VDp14/getUpdates "HTTP/1.1 200 OK"
2026-09-17 19:00:21,350 [INFO] app.auto_heal: auto-heal: cleaned stopped containers
2026-09-17 19:00:23,326 [INFO] httpx: HTTP Request: POST https://api.telegram.org/bot8697646564:AAEr7EU-tV5yTUAVl1FRpak_g6xXf9VDp14/getUpdates "HTTP/1.1 200 OK"
2026-09-17 19:00:48,476 [INFO] httpx: HTTP Request: POST https://api.telegram.org/bot8697646564:AAEr7EU-tV5yTUAVl1FRpak_g6xXf9VDp14/getUpdates "HTTP/1.1 200 OK"
2026-09-17 19:01:13,622 [INFO] httpx: HTTP Request: POST https://api.telegram.org/bot8697646564:AAEr7EU-tV5yTUAVl1FRpak_g6xXf9VDp14/getUpdates "HTTP/1.1 200 OK"
2026-09-17 19:01:38,768 [INFO] httpx: HTTP Request: POST https://api.telegram.org/bot8697646564:AAEr7EU-tV5yTUAVl1FRpak_g6xXf9VDp14/getUpdates "HTTP/1.1 200 OK"
2026-09-17 19:02:03,914 [INFO] httpx: HTTP Request: POST https://api.telegram.org/bot8697646564:AAEr7EU-tV5yTUAVl1FRpak_g6xXf9VDp14/getUpdates "HTTP/1.1 200 OK"
2026-09-17 19:02:21,388 [INFO] app.auto_heal: auto-heal: cleaned stopped containers
2026-09-17 19:02:29,059 [INFO] httpx: HTTP Request: POST https://api.telegram.org/bot8697646564:AAEr7EU-tV5yTUAVl1FRpak_g6xXf9VDp14/getUpdates "HTTP/1.1 200 OK"
2026-09-17 19:02:54,212 [INFO] httpx: HTTP Request: POST https://api.telegram.org/bot8697646564:AAEr7EU-tV5yTUAVl1FRpak_g6xXf9VDp14/getUpdates "HTTP/1.1 200 OK"
2026-09-17 19:03:19,358 [INFO] httpx: HTTP Request: POST https://api.telegram.org/bot8697646564:AAEr7EU-tV5yTUAVl1FRpak_g6xXf9VDp14/getUpdates "HTTP/1.1 200 OK"
2026-09-17 19:03:44,503 [INFO] httpx: HTTP Request: POST https://api.telegram.org/bot8697646564:AAEr7EU-tV5yTUAVl1FRpak_g6xXf9VDp14/getUpdates "HTTP/1.1 200 OK"
2026-09-17 19:04:09,649 [INFO] httpx: HTTP Request: POST https://api.telegram.org/bot8697646564:AAEr7EU-tV5yTUAVl1FRpak_g6xXf9VDp14/getUpdates "HTTP/1.1 200 OK"
2026-09-17 19:04:21,424 [INFO] app.auto_heal: auto-heal: cleaned stopped containers
2026-09-17 19:04:34,794 [INFO] httpx: HTTP Request: POST https://api.telegram.org/bot8697646564:AAEr7EU-tV5yTUAVl1FRpak_g6xXf9VDp14/getUpdates "HTTP/1.1 200 OK"
2026-09-17 19:04:59,940 [INFO] httpx: HTTP Request: POST https://api.telegram.org/bot8697646564:AAEr7EU-tV5yTUAVl1FRpak_g6xXf9VDp14/getUpdates "HTTP/1.1 200 OK"
2026-09-17 19:05:25,086 [INFO] httpx: HTTP Request: POST https://api.telegram.org/bot8697646564:AAEr7EU-tV5yTUAVl1FRpak_g6xXf9VDp14/getUpdates "HTTP/1.1 200 OK"
2026-09-17 19:05:50,232 [INFO] httpx: HTTP Request: POST https://api.telegram.org/bot8697646564:AAEr7EU-tV5yTUAVl1FRpak_g6xXf9VDp14/getUpdates "HTTP/1.1 200 OK"
2026-09-17 19:06:15,377 [INFO] httpx: HTTP Request: POST https://api.telegram.org/bot8697646564:AAEr7EU-tV5yTUAVl1FRpak_g6xXf9VDp14/getUpdates "HTTP/1.1 200 OK"
2026-09-17 19:06:21,459 [INFO] app.auto_heal: auto-heal: cleaned stopped containers
2026-09-17 19:06:40,522 [INFO] httpx: HTTP Request: POST https://api.telegram.org/bot8697646564:AAEr7EU-tV5yTUAVl1FRpak_g6xXf9VDp14/getUpdates "HTTP/1.1 200 OK"
2026-09-17 19:07:05,667 [INFO] httpx: HTTP Request: POST https://api.telegram.org/bot8697646564:AAEr7EU-tV5yTUAVl1FRpak_g6xXf9VDp14/getUpdates "HTTP/1.1 200 OK"
2026-09-17 19:07:30,812 [INFO] httpx: HTTP Request: POST https://api.telegram.org/bot8697646564:AAEr7EU-tV5yTUAVl1FRpak_g6xXf9VDp14/getUpdates "HTTP/1.1 200 OK"
2026-09-17 19:07:55,957 [INFO] httpx: HTTP Request: POST https://api.telegram.org/bot8697646564:AAEr7EU-tV5yTUAVl1FRpak_g6xXf9VDp14/getUpdates "HTTP/1.1 200 OK"
2026-09-17 19:08:21,103 [INFO] httpx: HTTP Request: POST https://api.telegram.org/bot8697646564:AAEr7EU-tV5yTUAVl1FRpak_g6xXf9VDp14/getUpdates "HTTP/1.1 200 OK"
2026-09-17 19:08:21,492 [INFO] app.auto_heal: auto-heal: cleaned stopped containers
2026-09-17 19:08:46,249 [INFO] httpx: HTTP Request: POST https://api.telegram.org/bot8697646564:AAEr7EU-tV5yTUAVl1FRpak_g6xXf9VDp14/getUpdates "HTTP/1.1 200 OK"
2026-09-17 19:09:11,394 [INFO] httpx: HTTP Request: POST https://api.telegram.org/bot8697646564:AAEr7EU-tV5yTUAVl1FRpak_g6xXf9VDp14/getUpdates "HTTP/1.1 200 OK"
2026-09-17 19:09:36,539 [INFO] httpx: HTTP Request: POST https://api.telegram.org/bot8697646564:AAEr7EU-tV5yTUAVl1FRpak_g6xXf9VDp14/getUpdates "HTTP/1.1 200 OK"
2026-09-17 19:10:01,695 [INFO] httpx: HTTP Request: POST https://api.telegram.org/bot8697646564:AAEr7EU-tV5yTUAVl1FRpak_g6xXf9VDp14/getUpdates "HTTP/1.1 200 OK"
2026-09-17 19:10:21,525 [INFO] app.auto_heal: auto-heal: cleaned stopped containers
2026-09-17 19:10:26,841 [INFO] httpx: HTTP Request: POST https://api.telegram.org/bot8697646564:AAEr7EU-tV5yTUAVl1FRpak_g6xXf9VDp14/getUpdates "HTTP/1.1 200 OK"
2026-09-17 19:10:51,986 [INFO] httpx: HTTP Request: POST https://api.telegram.org/bot8697646564:AAEr7EU-tV5yTUAVl1FRpak_g6xXf9VDp14/getUpdates "HTTP/1.1 200 OK"
2026-09-17 19:11:17,132 [INFO] httpx: HTTP Request: POST https://api.telegram.org/bot8697646564:AAEr7EU-tV5yTUAVl1FRpak_g6xXf9VDp14/getUpdates "HTTP/1.1 200 OK"
2026-09-17 19:11:42,277 [INFO] httpx: HTTP Request: POST https://api.telegram.org/bot8697646564:AAEr7EU-tV5yTUAVl1FRpak_g6xXf9VDp14/getUpdates "HTTP/1.1 200 OK"
2026-09-17 19:12:07,423 [INFO] httpx: HTTP Request: POST https://api.telegram.org/bot8697646564:AAEr7EU-tV5yTUAVl1FRpak_g6xXf9VDp14/getUpdates "HTTP/1.1 200 OK"
2026-09-17 19:12:21,568 [INFO] app.auto_heal: auto-heal: cleaned stopped containers
2026-09-17 19:12:32,569 [INFO] httpx: HTTP Request: POST https://api.telegram.org/bot8697646564:AAEr7EU-tV5yTUAVl1FRpak_g6xXf9VDp14/getUpdates "HTTP/1.1 200 OK"
2026-09-17 19:12:57,714 [INFO] httpx: HTTP Request: POST https://api.telegram.org/bot8697646564:AAEr7EU-tV5yTUAVl1FRpak_g6xXf9VDp14/getUpdates "HTTP/1.1 200 OK"
2026-09-17 19:13:22,882 [INFO] httpx: HTTP Request: POST https://api.telegram.org/bot8697646564:AAEr7EU-tV5yTUAVl1FRpak_g6xXf9VDp14/getUpdates "HTTP/1.1 200 OK"
2026-09-17 19:13:48,028 [INFO] httpx: HTTP Request: POST https://api.telegram.org/bot8697646564:AAEr7EU-tV5yTUAVl1FRpak_g6xXf9VDp14/getUpdates "HTTP/1.1 200 OK"
2026-09-17 19:14:13,173 [INFO] httpx: HTTP Request: POST https://api.telegram.org/bot8697646564:AAEr7EU-tV5yTUAVl1FRpak_g6xXf9VDp14/getUpdates "HTTP/1.1 200 OK"
2026-09-17 19:14:21,613 [INFO] app.auto_heal: auto-heal: cleaned stopped containers
2026-09-17 19:14:38,320 [INFO] httpx: HTTP Request: POST https://api.telegram.org/bot8697646564:AAEr7EU-tV5yTUAVl1FRpak_g6xXf9VDp14/getUpdates "HTTP/1.1 200 OK"
2026-09-17 19:15:03,464 [INFO] httpx: HTTP Request: POST https://api.telegram.org/bot8697646564:AAEr7EU-tV5yTUAVl1FRpak_g6xXf9VDp14/getUpdates "HTTP/1.1 200 OK"
2026-09-17 19:15:28,611 [INFO] httpx: HTTP Request: POST https://api.telegram.org/bot8697646564:AAEr7EU-tV5yTUAVl1FRpak_g6xXf9VDp14/getUpdates "HTTP/1.1 200 OK"
2026-09-17 19:15:53,757 [INFO] httpx: HTTP Request: POST https://api.telegram.org/bot8697646564:AAEr7EU-tV5yTUAVl1FRpak_g6xXf9VDp14/getUpdates "HTTP/1.1 200 OK"
2026-09-17 19:16:18,902 [INFO] httpx: HTTP Request: POST https://api.telegram.org/bot8697646564:AAEr7EU-tV5yTUAVl1FRpak_g6xXf9VDp14/getUpdates "HTTP/1.1 200 OK"
2026-09-17 19:16:21,651 [INFO] app.auto_heal: auto-heal: cleaned stopped containers
2026-09-17 19:16:44,063 [INFO] httpx: HTTP Request: POST https://api.telegram.org/bot8697646564:AAEr7EU-tV5yTUAVl1FRpak_g6xXf9VDp14/getUpdates "HTTP/1.1 200 OK"
2026-09-17 19:17:09,208 [INFO] httpx: HTTP Request: POST https://api.telegram.org/bot8697646564:AAEr7EU-tV5yTUAVl1FRpak_g6xXf9VDp14/getUpdates "HTTP/1.1 200 OK"
2026-09-17 19:17:34,355 [INFO] httpx: HTTP Request: POST https://api.telegram.org/bot8697646564:AAEr7EU-tV5yTUAVl1FRpak_g6xXf9VDp14/getUpdates "HTTP/1.1 200 OK"
2026-09-17 19:17:59,500 [INFO] httpx: HTTP Request: POST https://api.telegram.org/bot8697646564:AAEr7EU-tV5yTUAVl1FRpak_g6xXf9VDp14/getUpdates "HTTP/1.1 200 OK"
2026-09-17 19:18:21,687 [INFO] app.auto_heal: auto-heal: cleaned stopped containers
2026-09-17 19:18:24,645 [INFO] httpx: HTTP Request: POST https://api.telegram.org/bot8697646564:AAEr7EU-tV5yTUAVl1FRpak_g6xXf9VDp14/getUpdates "HTTP/1.1 200 OK"
2026-09-17 19:18:49,791 [INFO] httpx: HTTP Request: POST https://api.telegram.org/bot8697646564:AAEr7EU-tV5yTUAVl1FRpak_g6xXf9VDp14/getUpdates "HTTP/1.1 200 OK"
2026-09-17 19:19:14,936 [INFO] httpx: HTTP Request: POST https://api.telegram.org/bot8697646564:AAEr7EU-tV5yTUAVl1FRpak_g6xXf9VDp14/getUpdates "HTTP/1.1 200 OK"
2026-09-17 19:19:40,081 [INFO] httpx: HTTP Request: POST https://api.telegram.org/bot8697646564:AAEr7EU-tV5yTUAVl1FRpak_g6xXf9VDp14/getUpdates "HTTP/1.1 200 OK"
2026-09-17 19:20:05,227 [INFO] httpx: HTTP Request: POST https://api.telegram.org/bot8697646564:AAEr7EU-tV5yTUAVl1FRpak_g6xXf9VDp14/getUpdates "HTTP/1.1 200 OK"
2026-09-17 19:20:21,725 [INFO] app.auto_heal: auto-heal: cleaned stopped containers
2026-09-17 19:20:30,373 [INFO] httpx: HTTP Request: POST https://api.telegram.org/bot8697646564:AAEr7EU-tV5yTUAVl1FRpak_g6xXf9VDp14/getUpdates "HTTP/1.1 200 OK"
2026-09-17 19:20:55,518 [INFO] httpx: HTTP Request: POST https://api.telegram.org/bot8697646564:AAEr7EU-tV5yTUAVl1FRpak_g6xXf9VDp14/getUpdates "HTTP/1.1 200 OK"
2026-09-17 19:21:20,664 [INFO] httpx: HTTP Request: POST https://api.telegram.org/bot8697646564:AAEr7EU-tV5yTUAVl1FRpak_g6xXf9VDp14/getUpdates "HTTP/1.1 200 OK"
2026-09-17 19:21:45,809 [INFO] httpx: HTTP Request: POST https://api.telegram.org/bot8697646564:AAEr7EU-tV5yTUAVl1FRpak_g6xXf9VDp14/getUpdates "HTTP/1.1 200 OK"
2026-09-17 19:22:10,955 [INFO] httpx: HTTP Request: POST https://api.telegram.org/bot8697646564:AAEr7EU-tV5yTUAVl1FRpak_g6xXf9VDp14/getUpdates "HTTP/1.1 200 OK"
2026-09-17 19:22:21,767 [INFO] app.auto_heal: auto-heal: cleaned stopped containers
2026-09-17 19:22:36,101 [INFO] httpx: HTTP Request: POST https://api.telegram.org/bot8697646564:AAEr7EU-tV5yTUAVl1FRpak_g6xXf9VDp14/getUpdates "HTTP/1.1 200 OK"
2026-09-17 19:23:01,246 [INFO] httpx: HTTP Request: POST https://api.telegram.org/bot8697646564:AAEr7EU-tV5yTUAVl1FRpak_g6xXf9VDp14/getUpdates "HTTP/1.1 200 OK"
2026-09-17 19:23:26,391 [INFO] httpx: HTTP Request: POST https://api.telegram.org/bot8697646564:AAEr7EU-tV5yTUAVl1FRpak_g6xXf9VDp14/getUpdates "HTTP/1.1 200 OK"
2026-09-17 19:23:51,539 [INFO] httpx: HTTP Request: POST https://api.telegram.org/bot8697646564:AAEr7EU-tV5yTUAVl1FRpak_g6xXf9VDp14/getUpdates "HTTP/1.1 200 OK"
2026-09-17 19:24:16,685 [INFO] httpx: HTTP Request: POST https://api.telegram.org/bot8697646564:AAEr7EU-tV5yTUAVl1FRpak_g6xXf9VDp14/getUpdates "HTTP/1.1 200 OK"
2026-09-17 19:24:21,801 [INFO] app.auto_heal: auto-heal: cleaned stopped containers
2026-09-17 19:24:41,831 [INFO] httpx: HTTP Request: POST https://api.telegram.org/bot8697646564:AAEr7EU-tV5yTUAVl1FRpak_g6xXf9VDp14/getUpdates "HTTP/1.1 200 OK"
2026-09-17 19:25:06,976 [INFO] httpx: HTTP Request: POST https://api.telegram.org/bot8697646564:AAEr7EU-tV5yTUAVl1FRpak_g6xXf9VDp14/getUpdates "HTTP/1.1 200 OK"
2026-09-17 19:25:32,509 [INFO] httpx: HTTP Request: POST https://api.telegram.org/bot8697646564:AAEr7EU-tV5yTUAVl1FRpak_g6xXf9VDp14/getUpdates "HTTP/1.1 200 OK"
2026-09-17 19:25:57,664 [INFO] httpx: HTTP Request: POST https://api.telegram.org/bot8697646564:AAEr7EU-tV5yTUAVl1FRpak_g6xXf9VDp14/getUpdates "HTTP/1.1 200 OK"
2026-09-17 19:26:21,838 [INFO] app.auto_heal: auto-heal: cleaned stopped containers
2026-09-17 19:26:22,817 [INFO] httpx: HTTP Request: POST https://api.telegram.org/bot8697646564:AAEr7EU-tV5yTUAVl1FRpak_g6xXf9VDp14/getUpdates "HTTP/1.1 200 OK"
2026-09-17 19:26:47,971 [INFO] httpx: HTTP Request: POST https://api.telegram.org/bot8697646564:AAEr7EU-tV5yTUAVl1FRpak_g6xXf9VDp14/getUpdates "HTTP/1.1 200 OK"
2026-09-17 19:27:13,125 [INFO] httpx: HTTP Request: POST https://api.telegram.org/bot8697646564:AAEr7EU-tV5yTUAVl1FRpak_g6xXf9VDp14/getUpdates "HTTP/1.1 200 OK"
2026-09-17 19:27:38,281 [INFO] httpx: HTTP Request: POST https://api.telegram.org/bot8697646564:AAEr7EU-tV5yTUAVl1FRpak_g6xXf9VDp14/getUpdates "HTTP/1.1 200 OK"
2026-09-17 19:28:03,437 [INFO] httpx: HTTP Request: POST https://api.telegram.org/bot8697646564:AAEr7EU-tV5yTUAVl1FRpak_g6xXf9VDp14/getUpdates "HTTP/1.1 200 OK"
2026-09-17 19:28:21,876 [INFO] app.auto_heal: auto-heal: cleaned stopped containers
2026-09-17 19:28:28,591 [INFO] httpx: HTTP Request: POST https://api.telegram.org/bot8697646564:AAEr7EU-tV5yTUAVl1FRpak_g6xXf9VDp14/getUpdates "HTTP/1.1 200 OK"
2026-09-17 19:28:53,744 [INFO] httpx: HTTP Request: POST https://api.telegram.org/bot8697646564:AAEr7EU-tV5yTUAVl1FRpak_g6xXf9VDp14/getUpdates "HTTP/1.1 200 OK"
2026-09-17 19:29:18,898 [INFO] httpx: HTTP Request: POST https://api.telegram.org/bot8697646564:AAEr7EU-tV5yTUAVl1FRpak_g6xXf9VDp14/getUpdates "HTTP/1.1 200 OK"
2026-09-17 19:29:44,051 [INFO] httpx: HTTP Request: POST https://api.telegram.org/bot8697646564:AAEr7EU-tV5yTUAVl1FRpak_g6xXf9VDp14/getUpdates "HTTP/1.1 200 OK"
2026-09-17 19:30:09,205 [INFO] httpx: HTTP Request: POST https://api.telegram.org/bot8697646564:AAEr7EU-tV5yTUAVl1FRpak_g6xXf9VDp14/getUpdates "HTTP/1.1 200 OK"
2026-09-17 19:30:21,916 [INFO] app.auto_heal: auto-heal: cleaned stopped containers
2026-09-17 19:30:34,358 [INFO] httpx: HTTP Request: POST https://api.telegram.org/bot8697646564:AAEr7EU-tV5yTUAVl1FRpak_g6xXf9VDp14/getUpdates "HTTP/1.1 200 OK"
2026-09-17 19:30:59,512 [INFO] httpx: HTTP Request: POST https://api.telegram.org/bot8697646564:AAEr7EU-tV5yTUAVl1FRpak_g6xXf9VDp14/getUpdates "HTTP/1.1 200 OK"
2026-09-17 19:31:24,667 [INFO] httpx: HTTP Request: POST https://api.telegram.org/bot8697646564:AAEr7EU-tV5yTUAVl1FRpak_g6xXf9VDp14/getUpdates "HTTP/1.1 200 OK"
2026-09-17 19:31:49,821 [INFO] httpx: HTTP Request: POST https://api.telegram.org/bot8697646564:AAEr7EU-tV5yTUAVl1FRpak_g6xXf9VDp14/getUpdates "HTTP/1.1 200 OK"
2026-09-17 19:32:14,976 [INFO] httpx: HTTP Request: POST https://api.telegram.org/bot8697646564:AAEr7EU-tV5yTUAVl1FRpak_g6xXf9VDp14/getUpdates "HTTP/1.1 200 OK"
2026-09-17 19:32:21,955 [INFO] app.auto_heal: auto-heal: cleaned stopped containers
2026-09-17 19:32:40,133 [INFO] httpx: HTTP Request: POST https://api.telegram.org/bot8697646564:AAEr7EU-tV5yTUAVl1FRpak_g6xXf9VDp14/getUpdates "HTTP/1.1 200 OK"
2026-09-17 19:33:05,288 [INFO] httpx: HTTP Request: POST https://api.telegram.org/bot8697646564:AAEr7EU-tV5yTUAVl1FRpak_g6xXf9VDp14/getUpdates "HTTP/1.1 200 OK"
2026-09-17 19:33:30,443 [INFO] httpx: HTTP Request: POST https://api.telegram.org/bot8697646564:AAEr7EU-tV5yTUAVl1FRpak_g6xXf9VDp14/getUpdates "HTTP/1.1 200 OK"
2026-09-17 19:33:55,599 [INFO] httpx: HTTP Request: POST https://api.telegram.org/bot8697646564:AAEr7EU-tV5yTUAVl1FRpak_g6xXf9VDp14/getUpdates "HTTP/1.1 200 OK"
2026-09-17 19:34:20,753 [INFO] httpx: HTTP Request: POST https://api.telegram.org/bot8697646564:AAEr7EU-tV5yTUAVl1FRpak_g6xXf9VDp14/getUpdates "HTTP/1.1 200 OK"
2026-09-17 19:34:21,992 [INFO] app.auto_heal: auto-heal: cleaned stopped containers
2026-09-17 19:34:45,907 [INFO] httpx: HTTP Request: POST https://api.telegram.org/bot8697646564:AAEr7EU-tV5yTUAVl1FRpak_g6xXf9VDp14/getUpdates "HTTP/1.1 200 OK"
2026-09-17 19:35:11,061 [INFO] httpx: HTTP Request: POST https://api.telegram.org/bot8697646564:AAEr7EU-tV5yTUAVl1FRpak_g6xXf9VDp14/getUpdates "HTTP/1.1 200 OK"
2026-09-17 19:35:36,214 [INFO] httpx: HTTP Request: POST https://api.telegram.org/bot8697646564:AAEr7EU-tV5yTUAVl1FRpak_g6xXf9VDp14/getUpdates "HTTP/1.1 200 OK"
2026-09-17 19:36:01,369 [INFO] httpx: HTTP Request: POST https://api.telegram.org/bot8697646564:AAEr7EU-tV5yTUAVl1FRpak_g6xXf9VDp14/getUpdates "HTTP/1.1 200 OK"
2026-09-17 19:36:22,027 [INFO] app.auto_heal: auto-heal: cleaned stopped containers
2026-09-17 19:36:26,522 [INFO] httpx: HTTP Request: POST https://api.telegram.org/bot8697646564:AAEr7EU-tV5yTUAVl1FRpak_g6xXf9VDp14/getUpdates "HTTP/1.1 200 OK"
2026-09-17 19:36:51,677 [INFO] httpx: HTTP Request: POST https://api.telegram.org/bot8697646564:AAEr7EU-tV5yTUAVl1FRpak_g6xXf9VDp14/getUpdates "HTTP/1.1 200 OK"
2026-09-17 19:37:16,831 [INFO] httpx: HTTP Request: POST https://api.telegram.org/bot8697646564:AAEr7EU-tV5yTUAVl1FRpak_g6xXf9VDp14/getUpdates "HTTP/1.1 200 OK"
2026-09-17 19:37:41,984 [INFO] httpx: HTTP Request: POST https://api.telegram.org/bot8697646564:AAEr7EU-tV5yTUAVl1FRpak_g6xXf9VDp14/getUpdates "HTTP/1.1 200 OK"
2026-09-17 19:38:07,137 [INFO] httpx: HTTP Request: POST https://api.telegram.org/bot8697646564:AAEr7EU-tV5yTUAVl1FRpak_g6xXf9VDp14/getUpdates "HTTP/1.1 200 OK"
2026-09-17 19:38:22,063 [INFO] app.auto_heal: auto-heal: cleaned stopped containers
2026-09-17 19:38:32,292 [INFO] httpx: HTTP Request: POST https://api.telegram.org/bot8697646564:AAEr7EU-tV5yTUAVl1FRpak_g6xXf9VDp14/getUpdates "HTTP/1.1 200 OK"
2026-09-17 19:38:57,447 [INFO] httpx: HTTP Request: POST https://api.telegram.org/bot8697646564:AAEr7EU-tV5yTUAVl1FRpak_g6xXf9VDp14/getUpdates "HTTP/1.1 200 OK"
2026-09-17 19:39:22,602 [INFO] httpx: HTTP Request: POST https://api.telegram.org/bot8697646564:AAEr7EU-tV5yTUAVl1FRpak_g6xXf9VDp14/getUpdates "HTTP/1.1 200 OK"
2026-09-17 19:39:47,756 [INFO] httpx: HTTP Request: POST https://api.telegram.org/bot8697646564:AAEr7EU-tV5yTUAVl1FRpak_g6xXf9VDp14/getUpdates "HTTP/1.1 200 OK"
2026-09-17 19:40:12,910 [INFO] httpx: HTTP Request: POST https://api.telegram.org/bot8697646564:AAEr7EU-tV5yTUAVl1FRpak_g6xXf9VDp14/getUpdates "HTTP/1.1 200 OK"
2026-09-17 19:40:22,105 [INFO] app.auto_heal: auto-heal: cleaned stopped containers
2026-09-17 19:40:38,064 [INFO] httpx: HTTP Request: POST https://api.telegram.org/bot8697646564:AAEr7EU-tV5yTUAVl1FRpak_g6xXf9VDp14/getUpdates "HTTP/1.1 200 OK"
2026-09-17 19:41:03,217 [INFO] httpx: HTTP Request: POST https://api.telegram.org/bot8697646564:AAEr7EU-tV5yTUAVl1FRpak_g6xXf9VDp14/getUpdates "HTTP/1.1 200 OK"
2026-09-17 19:41:28,372 [INFO] httpx: HTTP Request: POST https://api.telegram.org/bot8697646564:AAEr7EU-tV5yTUAVl1FRpak_g6xXf9VDp14/getUpdates "HTTP/1.1 200 OK"
2026-09-17 19:41:53,526 [INFO] httpx: HTTP Request: POST https://api.telegram.org/bot8697646564:AAEr7EU-tV5yTUAVl1FRpak_g6xXf9VDp14/getUpdates "HTTP/1.1 200 OK"
2026-09-17 19:42:18,680 [INFO] httpx: HTTP Request: POST https://api.telegram.org/bot8697646564:AAEr7EU-tV5yTUAVl1FRpak_g6xXf9VDp14/getUpdates "HTTP/1.1 200 OK"
2026-09-17 19:42:22,140 [INFO] app.auto_heal: auto-heal: cleaned stopped containers
2026-09-17 19:42:43,835 [INFO] httpx: HTTP Request: POST https://api.telegram.org/bot8697646564:AAEr7EU-tV5yTUAVl1FRpak_g6xXf9VDp14/getUpdates "HTTP/1.1 200 OK"
2026-09-17 19:43:08,988 [INFO] httpx: HTTP Request: POST https://api.telegram.org/bot8697646564:AAEr7EU-tV5yTUAVl1FRpak_g6xXf9VDp14/getUpdates "HTTP/1.1 200 OK"
2026-09-17 19:43:34,142 [INFO] httpx: HTTP Request: POST https://api.telegram.org/bot8697646564:AAEr7EU-tV5yTUAVl1FRpak_g6xXf9VDp14/getUpdates "HTTP/1.1 200 OK"
2026-09-17 19:43:59,296 [INFO] httpx: HTTP Request: POST https://api.telegram.org/bot8697646564:AAEr7EU-tV5yTUAVl1FRpak_g6xXf9VDp14/getUpdates "HTTP/1.1 200 OK"
2026-09-17 19:44:22,176 [INFO] app.auto_heal: auto-heal: cleaned stopped containers
2026-09-17 19:44:24,450 [INFO] httpx: HTTP Request: POST https://api.telegram.org/bot8697646564:AAEr7EU-tV5yTUAVl1FRpak_g6xXf9VDp14/getUpdates "HTTP/1.1 200 OK"
2026-09-17 19:44:49,604 [INFO] httpx: HTTP Request: POST https://api.telegram.org/bot8697646564:AAEr7EU-tV5yTUAVl1FRpak_g6xXf9VDp14/getUpdates "HTTP/1.1 200 OK"
2026-09-17 19:45:14,758 [INFO] httpx: HTTP Request: POST https://api.telegram.org/bot8697646564:AAEr7EU-tV5yTUAVl1FRpak_g6xXf9VDp14/getUpdates "HTTP/1.1 200 OK"
2026-09-17 19:45:39,913 [INFO] httpx: HTTP Request: POST https://api.telegram.org/bot8697646564:AAEr7EU-tV5yTUAVl1FRpak_g6xXf9VDp14/getUpdates "HTTP/1.1 200 OK"
2026-09-17 19:46:05,066 [INFO] httpx: HTTP Request: POST https://api.telegram.org/bot8697646564:AAEr7EU-tV5yTUAVl1FRpak_g6xXf9VDp14/getUpdates "HTTP/1.1 200 OK"
2026-09-17 19:46:22,212 [INFO] app.auto_heal: auto-heal: cleaned stopped containers
2026-09-17 19:46:30,221 [INFO] httpx: HTTP Request: POST https://api.telegram.org/bot8697646564:AAEr7EU-tV5yTUAVl1FRpak_g6xXf9VDp14/getUpdates "HTTP/1.1 200 OK"
2026-09-17 19:46:55,376 [INFO] httpx: HTTP Request: POST https://api.telegram.org/bot8697646564:AAEr7EU-tV5yTUAVl1FRpak_g6xXf9VDp14/getUpdates "HTTP/1.1 200 OK"
2026-09-17 19:47:20,531 [INFO] httpx: HTTP Request: POST https://api.telegram.org/bot8697646564:AAEr7EU-tV5yTUAVl1FRpak_g6xXf9VDp14/getUpdates "HTTP/1.1 200 OK"
2026-09-17 19:47:45,685 [INFO] httpx: HTTP Request: POST https://api.telegram.org/bot8697646564:AAEr7EU-tV5yTUAVl1FRpak_g6xXf9VDp14/getUpdates "HTTP/1.1 200 OK"
2026-09-17 19:48:10,838 [INFO] httpx: HTTP Request: POST https://api.telegram.org/bot8697646564:AAEr7EU-tV5yTUAVl1FRpak_g6xXf9VDp14/getUpdates "HTTP/1.1 200 OK"
2026-09-17 19:48:22,251 [INFO] app.auto_heal: auto-heal: cleaned stopped containers
2026-09-17 19:48:35,991 [INFO] httpx: HTTP Request: POST https://api.telegram.org/bot8697646564:AAEr7EU-tV5yTUAVl1FRpak_g6xXf9VDp14/getUpdates "HTTP/1.1 200 OK"
2026-09-17 19:49:01,145 [INFO] httpx: HTTP Request: POST https://api.telegram.org/bot8697646564:AAEr7EU-tV5yTUAVl1FRpak_g6xXf9VDp14/getUpdates "HTTP/1.1 200 OK"
2026-09-17 19:49:26,299 [INFO] httpx: HTTP Request: POST https://api.telegram.org/bot8697646564:AAEr7EU-tV5yTUAVl1FRpak_g6xXf9VDp14/getUpdates "HTTP/1.1 200 OK"
2026-09-17 19:49:51,454 [INFO] httpx: HTTP Request: POST https://api.telegram.org/bot8697646564:AAEr7EU-tV5yTUAVl1FRpak_g6xXf9VDp14/getUpdates "HTTP/1.1 200 OK"
2026-09-17 19:50:16,608 [INFO] httpx: HTTP Request: POST https://api.telegram.org/bot8697646564:AAEr7EU-tV5yTUAVl1FRpak_g6xXf9VDp14/getUpdates "HTTP/1.1 200 OK"
2026-09-17 19:50:22,291 [INFO] app.auto_heal: auto-heal: cleaned stopped containers
2026-09-17 19:50:41,763 [INFO] httpx: HTTP Request: POST https://api.telegram.org/bot8697646564:AAEr7EU-tV5yTUAVl1FRpak_g6xXf9VDp14/getUpdates "HTTP/1.1 200 OK"
2026-09-17 19:51:06,918 [INFO] httpx: HTTP Request: POST https://api.telegram.org/bot8697646564:AAEr7EU-tV5yTUAVl1FRpak_g6xXf9VDp14/getUpdates "HTTP/1.1 200 OK"
2026-09-17 19:51:32,072 [INFO] httpx: HTTP Request: POST https://api.telegram.org/bot8697646564:AAEr7EU-tV5yTUAVl1FRpak_g6xXf9VDp14/getUpdates "HTTP/1.1 200 OK"
2026-09-17 19:51:57,226 [INFO] httpx: HTTP Request: POST https://api.telegram.org/bot8697646564:AAEr7EU-tV5yTUAVl1FRpak_g6xXf9VDp14/getUpdates "HTTP/1.1 200 OK"
2026-09-17 19:52:22,329 [INFO] app.auto_heal: auto-heal: cleaned stopped containers
2026-09-17 19:52:22,381 [INFO] httpx: HTTP Request: POST https://api.telegram.org/bot8697646564:AAEr7EU-tV5yTUAVl1FRpak_g6xXf9VDp14/getUpdates "HTTP/1.1 200 OK"
2026-09-17 19:52:47,535 [INFO] httpx: HTTP Request: POST https://api.telegram.org/bot8697646564:AAEr7EU-tV5yTUAVl1FRpak_g6xXf9VDp14/getUpdates "HTTP/1.1 200 OK"
2026-09-17 19:53:12,689 [INFO] httpx: HTTP Request: POST https://api.telegram.org/bot8697646564:AAEr7EU-tV5yTUAVl1FRpak_g6xXf9VDp14/getUpdates "HTTP/1.1 200 OK"
2026-09-17 19:53:37,844 [INFO] httpx: HTTP Request: POST https://api.telegram.org/bot8697646564:AAEr7EU-tV5yTUAVl1FRpak_g6xXf9VDp14/getUpdates "HTTP/1.1 200 OK"
2026-09-17 19:54:02,998 [INFO] httpx: HTTP Request: POST https://api.telegram.org/bot8697646564:AAEr7EU-tV5yTUAVl1FRpak_g6xXf9VDp14/getUpdates "HTTP/1.1 200 OK"
2026-09-17 19:54:22,364 [INFO] app.auto_heal: auto-heal: cleaned stopped containers
2026-09-17 19:54:28,152 [INFO] httpx: HTTP Request: POST https://api.telegram.org/bot8697646564:AAEr7EU-tV5yTUAVl1FRpak_g6xXf9VDp14/getUpdates "HTTP/1.1 200 OK"
2026-09-17 19:54:53,308 [INFO] httpx: HTTP Request: POST https://api.telegram.org/bot8697646564:AAEr7EU-tV5yTUAVl1FRpak_g6xXf9VDp14/getUpdates "HTTP/1.1 200 OK"
2026-09-17 19:55:18,461 [INFO] httpx: HTTP Request: POST https://api.telegram.org/bot8697646564:AAEr7EU-tV5yTUAVl1FRpak_g6xXf9VDp14/getUpdates "HTTP/1.1 200 OK"
2026-09-17 19:55:43,615 [INFO] httpx: HTTP Request: POST https://api.telegram.org/bot8697646564:AAEr7EU-tV5yTUAVl1FRpak_g6xXf9VDp14/getUpdates "HTTP/1.1 200 OK"
2026-09-17 19:56:08,768 [INFO] httpx: HTTP Request: POST https://api.telegram.org/bot8697646564:AAEr7EU-tV5yTUAVl1FRpak_g6xXf9VDp14/getUpdates "HTTP/1.1 200 OK"
2026-09-17 19:56:22,396 [INFO] app.auto_heal: auto-heal: cleaned stopped containers
2026-09-17 19:56:33,923 [INFO] httpx: HTTP Request: POST https://api.telegram.org/bot8697646564:AAEr7EU-tV5yTUAVl1FRpak_g6xXf9VDp14/getUpdates "HTTP/1.1 200 OK"
2026-09-17 19:56:59,077 [INFO] httpx: HTTP Request: POST https://api.telegram.org/bot8697646564:AAEr7EU-tV5yTUAVl1FRpak_g6xXf9VDp14/getUpdates "HTTP/1.1 200 OK"
2026-09-17 19:57:24,231 [INFO] httpx: HTTP Request: POST https://api.telegram.org/bot8697646564:AAEr7EU-tV5yTUAVl1FRpak_g6xXf9VDp14/getUpdates "HTTP/1.1 200 OK"
2026-09-17 19:57:49,385 [INFO] httpx: HTTP Request: POST https://api.telegram.org/bot8697646564:AAEr7EU-tV5yTUAVl1FRpak_g6xXf9VDp14/getUpdates "HTTP/1.1 200 OK"
2026-09-17 19:58:14,541 [INFO] httpx: HTTP Request: POST https://api.telegram.org/bot8697646564:AAEr7EU-tV5yTUAVl1FRpak_g6xXf9VDp14/getUpdates "HTTP/1.1 200 OK"
2026-09-17 19:58:22,435 [INFO] app.auto_heal: auto-heal: cleaned stopped containers
2026-09-17 19:58:39,696 [INFO] httpx: HTTP Request: POST https://api.telegram.org/bot8697646564:AAEr7EU-tV5yTUAVl1FRpak_g6xXf9VDp14/getUpdates "HTTP/1.1 200 OK"
2026-09-17 19:59:04,850 [INFO] httpx: HTTP Request: POST https://api.telegram.org/bot8697646564:AAEr7EU-tV5yTUAVl1FRpak_g6xXf9VDp14/getUpdates "HTTP/1.1 200 OK"
2026-09-17 19:59:30,004 [INFO] httpx: HTTP Request: POST https://api.telegram.org/bot8697646564:AAEr7EU-tV5yTUAVl1FRpak_g6xXf9VDp14/getUpdates "HTTP/1.1 200 OK"
2026-09-17 19:59:55,158 [INFO] httpx: HTTP Request: POST https://api.telegram.org/bot8697646564:AAEr7EU-tV5yTUAVl1FRpak_g6xXf9VDp14/getUpdates "HTTP/1.1 200 OK"
2026-09-17 20:00:20,311 [INFO] httpx: HTTP Request: POST https://api.telegram.org/bot8697646564:AAEr7EU-tV5yTUAVl1FRpak_g6xXf9VDp14/getUpdates "HTTP/1.1 200 OK"
2026-09-17 20:00:22,475 [INFO] app.auto_heal: auto-heal: cleaned stopped containers
2026-09-17 20:00:45,465 [INFO] httpx: HTTP Request: POST https://api.telegram.org/bot8697646564:AAEr7EU-tV5yTUAVl1FRpak_g6xXf9VDp14/getUpdates "HTTP/1.1 200 OK"
2026-09-17 20:01:10,621 [INFO] httpx: HTTP Request: POST https://api.telegram.org/bot8697646564:AAEr7EU-tV5yTUAVl1FRpak_g6xXf9VDp14/getUpdates "HTTP/1.1 200 OK"
2026-09-17 20:01:35,775 [INFO] httpx: HTTP Request: POST https://api.telegram.org/bot8697646564:AAEr7EU-tV5yTUAVl1FRpak_g6xXf9VDp14/getUpdates "HTTP/1.1 200 OK"
2026-09-17 20:02:00,930 [INFO] httpx: HTTP Request: POST https://api.telegram.org/bot8697646564:AAEr7EU-tV5yTUAVl1FRpak_g6xXf9VDp14/getUpdates "HTTP/1.1 200 OK"
2026-09-17 20:02:22,513 [INFO] app.auto_heal: auto-heal: cleaned stopped containers
2026-09-17 20:02:26,087 [INFO] httpx: HTTP Request: POST https://api.telegram.org/bot8697646564:AAEr7EU-tV5yTUAVl1FRpak_g6xXf9VDp14/getUpdates "HTTP/1.1 200 OK"
2026-09-17 20:02:51,241 [INFO] httpx: HTTP Request: POST https://api.telegram.org/bot8697646564:AAEr7EU-tV5yTUAVl1FRpak_g6xXf9VDp14/getUpdates "HTTP/1.1 200 OK"
2026-09-17 20:03:16,395 [INFO] httpx: HTTP Request: POST https://api.telegram.org/bot8697646564:AAEr7EU-tV5yTUAVl1FRpak_g6xXf9VDp14/getUpdates "HTTP/1.1 200 OK"
2026-09-17 20:03:41,549 [INFO] httpx: HTTP Request: POST https://api.telegram.org/bot8697646564:AAEr7EU-tV5yTUAVl1FRpak_g6xXf9VDp14/getUpdates "HTTP/1.1 200 OK"
2026-09-17 20:04:06,703 [INFO] httpx: HTTP Request: POST https://api.telegram.org/bot8697646564:AAEr7EU-tV5yTUAVl1FRpak_g6xXf9VDp14/getUpdates "HTTP/1.1 200 OK"
2026-09-17 20:04:22,550 [INFO] app.auto_heal: auto-heal: cleaned stopped containers
2026-09-17 20:04:31,857 [INFO] httpx: HTTP Request: POST https://api.telegram.org/bot8697646564:AAEr7EU-tV5yTUAVl1FRpak_g6xXf9VDp14/getUpdates "HTTP/1.1 200 OK"
2026-09-17 20:04:57,011 [INFO] httpx: HTTP Request: POST https://api.telegram.org/bot8697646564:AAEr7EU-tV5yTUAVl1FRpak_g6xXf9VDp14/getUpdates "HTTP/1.1 200 OK"
2026-09-17 20:05:22,165 [INFO] httpx: HTTP Request: POST https://api.telegram.org/bot8697646564:AAEr7EU-tV5yTUAVl1FRpak_g6xXf9VDp14/getUpdates "HTTP/1.1 200 OK"
2026-09-17 20:05:47,319 [INFO] httpx: HTTP Request: POST https://api.telegram.org/bot8697646564:AAEr7EU-tV5yTUAVl1FRpak_g6xXf9VDp14/getUpdates "HTTP/1.1 200 OK"
2026-09-17 20:06:12,473 [INFO] httpx: HTTP Request: POST https://api.telegram.org/bot8697646564:AAEr7EU-tV5yTUAVl1FRpak_g6xXf9VDp14/getUpdates "HTTP/1.1 200 OK"
2026-09-17 20:06:22,591 [INFO] app.auto_heal: auto-heal: cleaned stopped containers
2026-09-17 20:06:37,627 [INFO] httpx: HTTP Request: POST https://api.telegram.org/bot8697646564:AAEr7EU-tV5yTUAVl1FRpak_g6xXf9VDp14/getUpdates "HTTP/1.1 200 OK"
2026-09-17 20:07:02,781 [INFO] httpx: HTTP Request: POST https://api.telegram.org/bot8697646564:AAEr7EU-tV5yTUAVl1FRpak_g6xXf9VDp14/getUpdates "HTTP/1.1 200 OK"
2026-09-17 20:07:27,934 [INFO] httpx: HTTP Request: POST https://api.telegram.org/bot8697646564:AAEr7EU-tV5yTUAVl1FRpak_g6xXf9VDp14/getUpdates "HTTP/1.1 200 OK"
2026-09-17 20:07:53,088 [INFO] httpx: HTTP Request: POST https://api.telegram.org/bot8697646564:AAEr7EU-tV5yTUAVl1FRpak_g6xXf9VDp14/getUpdates "HTTP/1.1 200 OK"
2026-09-17 20:08:18,243 [INFO] httpx: HTTP Request: POST https://api.telegram.org/bot8697646564:AAEr7EU-tV5yTUAVl1FRpak_g6xXf9VDp14/getUpdates "HTTP/1.1 200 OK"
2026-09-17 20:08:22,626 [INFO] app.auto_heal: auto-heal: cleaned stopped containers
2026-09-17 20:08:43,397 [INFO] httpx: HTTP Request: POST https://api.telegram.org/bot8697646564:AAEr7EU-tV5yTUAVl1FRpak_g6xXf9VDp14/getUpdates "HTTP/1.1 200 OK"
2026-09-17 20:09:08,551 [INFO] httpx: HTTP Request: POST https://api.telegram.org/bot8697646564:AAEr7EU-tV5yTUAVl1FRpak_g6xXf9VDp14/getUpdates "HTTP/1.1 200 OK"
2026-09-17 20:09:33,707 [INFO] httpx: HTTP Request: POST https://api.telegram.org/bot8697646564:AAEr7EU-tV5yTUAVl1FRpak_g6xXf9VDp14/getUpdates "HTTP/1.1 200 OK"
2026-09-17 20:09:58,862 [INFO] httpx: HTTP Request: POST https://api.telegram.org/bot8697646564:AAEr7EU-tV5yTUAVl1FRpak_g6xXf9VDp14/getUpdates "HTTP/1.1 200 OK"
2026-09-17 20:10:22,666 [INFO] app.auto_heal: auto-heal: cleaned stopped containers
2026-09-17 20:10:24,016 [INFO] httpx: HTTP Request: POST https://api.telegram.org/bot8697646564:AAEr7EU-tV5yTUAVl1FRpak_g6xXf9VDp14/getUpdates "HTTP/1.1 200 OK"
2026-09-17 20:10:49,170 [INFO] httpx: HTTP Request: POST https://api.telegram.org/bot8697646564:AAEr7EU-tV5yTUAVl1FRpak_g6xXf9VDp14/getUpdates "HTTP/1.1 200 OK"
2026-09-17 20:11:14,325 [INFO] httpx: HTTP Request: POST https://api.telegram.org/bot8697646564:AAEr7EU-tV5yTUAVl1FRpak_g6xXf9VDp14/getUpdates "HTTP/1.1 200 OK"
2026-09-17 20:11:39,478 [INFO] httpx: HTTP Request: POST https://api.telegram.org/bot8697646564:AAEr7EU-tV5yTUAVl1FRpak_g6xXf9VDp14/getUpdates "HTTP/1.1 200 OK"
2026-09-17 20:12:04,633 [INFO] httpx: HTTP Request: POST https://api.telegram.org/bot8697646564:AAEr7EU-tV5yTUAVl1FRpak_g6xXf9VDp14/getUpdates "HTTP/1.1 200 OK"
2026-09-17 20:12:22,707 [INFO] app.auto_heal: auto-heal: cleaned stopped containers
2026-09-17 20:12:29,787 [INFO] httpx: HTTP Request: POST https://api.telegram.org/bot8697646564:AAEr7EU-tV5yTUAVl1FRpak_g6xXf9VDp14/getUpdates "HTTP/1.1 200 OK"
2026-09-17 20:12:54,942 [INFO] httpx: HTTP Request: POST https://api.telegram.org/bot8697646564:AAEr7EU-tV5yTUAVl1FRpak_g6xXf9VDp14/getUpdates "HTTP/1.1 200 OK"
2026-09-17 20:13:20,096 [INFO] httpx: HTTP Request: POST https://api.telegram.org/bot8697646564:AAEr7EU-tV5yTUAVl1FRpak_g6xXf9VDp14/getUpdates "HTTP/1.1 200 OK"
2026-09-17 20:13:45,251 [INFO] httpx: HTTP Request: POST https://api.telegram.org/bot8697646564:AAEr7EU-tV5yTUAVl1FRpak_g6xXf9VDp14/getUpdates "HTTP/1.1 200 OK"
2026-09-17 20:14:10,405 [INFO] httpx: HTTP Request: POST https://api.telegram.org/bot8697646564:AAEr7EU-tV5yTUAVl1FRpak_g6xXf9VDp14/getUpdates "HTTP/1.1 200 OK"
2026-09-17 20:14:22,746 [INFO] app.auto_heal: auto-heal: cleaned stopped containers
2026-09-17 20:14:35,558 [INFO] httpx: HTTP Request: POST https://api.telegram.org/bot8697646564:AAEr7EU-tV5yTUAVl1FRpak_g6xXf9VDp14/getUpdates "HTTP/1.1 200 OK"
2026-09-17 20:15:00,712 [INFO] httpx: HTTP Request: POST https://api.telegram.org/bot8697646564:AAEr7EU-tV5yTUAVl1FRpak_g6xXf9VDp14/getUpdates "HTTP/1.1 200 OK"
2026-09-17 20:15:25,866 [INFO] httpx: HTTP Request: POST https://api.telegram.org/bot8697646564:AAEr7EU-tV5yTUAVl1FRpak_g6xXf9VDp14/getUpdates "HTTP/1.1 200 OK"
2026-09-17 20:15:51,020 [INFO] httpx: HTTP Request: POST https://api.telegram.org/bot8697646564:AAEr7EU-tV5yTUAVl1FRpak_g6xXf9VDp14/getUpdates "HTTP/1.1 200 OK"
2026-09-17 20:16:16,173 [INFO] httpx: HTTP Request: POST https://api.telegram.org/bot8697646564:AAEr7EU-tV5yTUAVl1FRpak_g6xXf9VDp14/getUpdates "HTTP/1.1 200 OK"
2026-09-17 20:16:22,781 [INFO] app.auto_heal: auto-heal: cleaned stopped containers
2026-09-17 20:16:41,328 [INFO] httpx: HTTP Request: POST https://api.telegram.org/bot8697646564:AAEr7EU-tV5yTUAVl1FRpak_g6xXf9VDp14/getUpdates "HTTP/1.1 200 OK"
2026-09-17 20:17:06,484 [INFO] httpx: HTTP Request: POST https://api.telegram.org/bot8697646564:AAEr7EU-tV5yTUAVl1FRpak_g6xXf9VDp14/getUpdates "HTTP/1.1 200 OK"
2026-09-17 20:17:31,638 [INFO] httpx: HTTP Request: POST https://api.telegram.org/bot8697646564:AAEr7EU-tV5yTUAVl1FRpak_g6xXf9VDp14/getUpdates "HTTP/1.1 200 OK"
2026-09-17 20:17:56,793 [INFO] httpx: HTTP Request: POST https://api.telegram.org/bot8697646564:AAEr7EU-tV5yTUAVl1FRpak_g6xXf9VDp14/getUpdates "HTTP/1.1 200 OK"
2026-09-17 20:18:21,947 [INFO] httpx: HTTP Request: POST https://api.telegram.org/bot8697646564:AAEr7EU-tV5yTUAVl1FRpak_g6xXf9VDp14/getUpdates "HTTP/1.1 200 OK"
2026-09-17 20:18:22,819 [INFO] app.auto_heal: auto-heal: cleaned stopped containers
2026-09-17 20:18:47,100 [INFO] httpx: HTTP Request: POST https://api.telegram.org/bot8697646564:AAEr7EU-tV5yTUAVl1FRpak_g6xXf9VDp14/getUpdates "HTTP/1.1 200 OK"
2026-09-17 20:19:12,253 [INFO] httpx: HTTP Request: POST https://api.telegram.org/bot8697646564:AAEr7EU-tV5yTUAVl1FRpak_g6xXf9VDp14/getUpdates "HTTP/1.1 200 OK"
2026-09-17 20:19:37,408 [INFO] httpx: HTTP Request: POST https://api.telegram.org/bot8697646564:AAEr7EU-tV5yTUAVl1FRpak_g6xXf9VDp14/getUpdates "HTTP/1.1 200 OK"
2026-09-17 20:20:02,563 [INFO] httpx: HTTP Request: POST https://api.telegram.org/bot8697646564:AAEr7EU-tV5yTUAVl1FRpak_g6xXf9VDp14/getUpdates "HTTP/1.1 200 OK"
2026-09-17 20:20:22,853 [INFO] app.auto_heal: auto-heal: cleaned stopped containers
2026-09-17 20:20:27,718 [INFO] httpx: HTTP Request: POST https://api.telegram.org/bot8697646564:AAEr7EU-tV5yTUAVl1FRpak_g6xXf9VDp14/getUpdates "HTTP/1.1 200 OK"
2026-09-17 20:20:52,873 [INFO] httpx: HTTP Request: POST https://api.telegram.org/bot8697646564:AAEr7EU-tV5yTUAVl1FRpak_g6xXf9VDp14/getUpdates "HTTP/1.1 200 OK"
2026-09-17 20:21:18,026 [INFO] httpx: HTTP Request: POST https://api.telegram.org/bot8697646564:AAEr7EU-tV5yTUAVl1FRpak_g6xXf9VDp14/getUpdates "HTTP/1.1 200 OK"
2026-09-17 20:21:43,180 [INFO] httpx: HTTP Request: POST https://api.telegram.org/bot8697646564:AAEr7EU-tV5yTUAVl1FRpak_g6xXf9VDp14/getUpdates "HTTP/1.1 200 OK"
2026-09-17 20:22:08,334 [INFO] httpx: HTTP Request: POST https://api.telegram.org/bot8697646564:AAEr7EU-tV5yTUAVl1FRpak_g6xXf9VDp14/getUpdates "HTTP/1.1 200 OK"
2026-09-17 20:22:22,895 [INFO] app.auto_heal: auto-heal: cleaned stopped containers
2026-09-17 20:22:33,492 [INFO] httpx: HTTP Request: POST https://api.telegram.org/bot8697646564:AAEr7EU-tV5yTUAVl1FRpak_g6xXf9VDp14/getUpdates "HTTP/1.1 200 OK"
2026-09-17 20:22:58,647 [INFO] httpx: HTTP Request: POST https://api.telegram.org/bot8697646564:AAEr7EU-tV5yTUAVl1FRpak_g6xXf9VDp14/getUpdates "HTTP/1.1 200 OK"
2026-09-17 20:23:23,800 [INFO] httpx: HTTP Request: POST https://api.telegram.org/bot8697646564:AAEr7EU-tV5yTUAVl1FRpak_g6xXf9VDp14/getUpdates "HTTP/1.1 200 OK"
2026-09-17 20:23:48,956 [INFO] httpx: HTTP Request: POST https://api.telegram.org/bot8697646564:AAEr7EU-tV5yTUAVl1FRpak_g6xXf9VDp14/getUpdates "HTTP/1.1 200 OK"
2026-09-17 20:24:14,111 [INFO] httpx: HTTP Request: POST https://api.telegram.org/bot8697646564:AAEr7EU-tV5yTUAVl1FRpak_g6xXf9VDp14/getUpdates "HTTP/1.1 200 OK"
2026-09-17 20:24:22,932 [INFO] app.auto_heal: auto-heal: cleaned stopped containers
2026-09-17 20:24:39,265 [INFO] httpx: HTTP Request: POST https://api.telegram.org/bot8697646564:AAEr7EU-tV5yTUAVl1FRpak_g6xXf9VDp14/getUpdates "HTTP/1.1 200 OK"
2026-09-17 20:25:04,419 [INFO] httpx: HTTP Request: POST https://api.telegram.org/bot8697646564:AAEr7EU-tV5yTUAVl1FRpak_g6xXf9VDp14/getUpdates "HTTP/1.1 200 OK"
2026-09-17 20:25:29,573 [INFO] httpx: HTTP Request: POST https://api.telegram.org/bot8697646564:AAEr7EU-tV5yTUAVl1FRpak_g6xXf9VDp14/getUpdates "HTTP/1.1 200 OK"
2026-09-17 20:25:54,727 [INFO] httpx: HTTP Request: POST https://api.telegram.org/bot8697646564:AAEr7EU-tV5yTUAVl1FRpak_g6xXf9VDp14/getUpdates "HTTP/1.1 200 OK"
2026-09-17 20:26:20,235 [INFO] httpx: HTTP Request: POST https://api.telegram.org/bot8697646564:AAEr7EU-tV5yTUAVl1FRpak_g6xXf9VDp14/getUpdates "HTTP/1.1 200 OK"
2026-09-17 20:26:22,969 [INFO] app.auto_heal: auto-heal: cleaned stopped containers
2026-09-17 20:26:45,380 [INFO] httpx: HTTP Request: POST https://api.telegram.org/bot8697646564:AAEr7EU-tV5yTUAVl1FRpak_g6xXf9VDp14/getUpdates "HTTP/1.1 200 OK"
2026-09-17 20:27:10,525 [INFO] httpx: HTTP Request: POST https://api.telegram.org/bot8697646564:AAEr7EU-tV5yTUAVl1FRpak_g6xXf9VDp14/getUpdates "HTTP/1.1 200 OK"
2026-09-17 20:27:35,670 [INFO] httpx: HTTP Request: POST https://api.telegram.org/bot8697646564:AAEr7EU-tV5yTUAVl1FRpak_g6xXf9VDp14/getUpdates "HTTP/1.1 200 OK"
2026-09-17 20:28:00,816 [INFO] httpx: HTTP Request: POST https://api.telegram.org/bot8697646564:AAEr7EU-tV5yTUAVl1FRpak_g6xXf9VDp14/getUpdates "HTTP/1.1 200 OK"
2026-09-17 20:28:23,008 [INFO] app.auto_heal: auto-heal: cleaned stopped containers
2026-09-17 20:28:25,962 [INFO] httpx: HTTP Request: POST https://api.telegram.org/bot8697646564:AAEr7EU-tV5yTUAVl1FRpak_g6xXf9VDp14/getUpdates "HTTP/1.1 200 OK"
2026-09-17 20:28:51,108 [INFO] httpx: HTTP Request: POST https://api.telegram.org/bot8697646564:AAEr7EU-tV5yTUAVl1FRpak_g6xXf9VDp14/getUpdates "HTTP/1.1 200 OK"
2026-09-17 20:29:16,253 [INFO] httpx: HTTP Request: POST https://api.telegram.org/bot8697646564:AAEr7EU-tV5yTUAVl1FRpak_g6xXf9VDp14/getUpdates "HTTP/1.1 200 OK"
2026-09-17 20:29:41,398 [INFO] httpx: HTTP Request: POST https://api.telegram.org/bot8697646564:AAEr7EU-tV5yTUAVl1FRpak_g6xXf9VDp14/getUpdates "HTTP/1.1 200 OK"
2026-09-17 20:30:06,544 [INFO] httpx: HTTP Request: POST https://api.telegram.org/bot8697646564:AAEr7EU-tV5yTUAVl1FRpak_g6xXf9VDp14/getUpdates "HTTP/1.1 200 OK"
2026-09-17 20:30:23,040 [INFO] app.auto_heal: auto-heal: cleaned stopped containers
2026-09-17 20:30:31,690 [INFO] httpx: HTTP Request: POST https://api.telegram.org/bot8697646564:AAEr7EU-tV5yTUAVl1FRpak_g6xXf9VDp14/getUpdates "HTTP/1.1 200 OK"
2026-09-17 20:30:56,835 [INFO] httpx: HTTP Request: POST https://api.telegram.org/bot8697646564:AAEr7EU-tV5yTUAVl1FRpak_g6xXf9VDp14/getUpdates "HTTP/1.1 200 OK"
2026-09-17 20:31:21,981 [INFO] httpx: HTTP Request: POST https://api.telegram.org/bot8697646564:AAEr7EU-tV5yTUAVl1FRpak_g6xXf9VDp14/getUpdates "HTTP/1.1 200 OK"
2026-09-17 20:31:47,127 [INFO] httpx: HTTP Request: POST https://api.telegram.org/bot8697646564:AAEr7EU-tV5yTUAVl1FRpak_g6xXf9VDp14/getUpdates "HTTP/1.1 200 OK"
2026-09-17 20:32:12,272 [INFO] httpx: HTTP Request: POST https://api.telegram.org/bot8697646564:AAEr7EU-tV5yTUAVl1FRpak_g6xXf9VDp14/getUpdates "HTTP/1.1 200 OK"
2026-09-17 20:32:23,079 [INFO] app.auto_heal: auto-heal: cleaned stopped containers
2026-09-17 20:32:37,419 [INFO] httpx: HTTP Request: POST https://api.telegram.org/bot8697646564:AAEr7EU-tV5yTUAVl1FRpak_g6xXf9VDp14/getUpdates "HTTP/1.1 200 OK"
2026-09-17 20:33:02,565 [INFO] httpx: HTTP Request: POST https://api.telegram.org/bot8697646564:AAEr7EU-tV5yTUAVl1FRpak_g6xXf9VDp14/getUpdates "HTTP/1.1 200 OK"
2026-09-17 20:33:27,710 [INFO] httpx: HTTP Request: POST https://api.telegram.org/bot8697646564:AAEr7EU-tV5yTUAVl1FRpak_g6xXf9VDp14/getUpdates "HTTP/1.1 200 OK"
2026-09-17 20:33:52,856 [INFO] httpx: HTTP Request: POST https://api.telegram.org/bot8697646564:AAEr7EU-tV5yTUAVl1FRpak_g6xXf9VDp14/getUpdates "HTTP/1.1 200 OK"
2026-09-17 20:34:18,001 [INFO] httpx: HTTP Request: POST https://api.telegram.org/bot8697646564:AAEr7EU-tV5yTUAVl1FRpak_g6xXf9VDp14/getUpdates "HTTP/1.1 200 OK"
2026-09-17 20:34:23,120 [INFO] app.auto_heal: auto-heal: cleaned stopped containers
2026-09-17 20:34:43,146 [INFO] httpx: HTTP Request: POST https://api.telegram.org/bot8697646564:AAEr7EU-tV5yTUAVl1FRpak_g6xXf9VDp14/getUpdates "HTTP/1.1 200 OK"
2026-09-17 20:35:08,292 [INFO] httpx: HTTP Request: POST https://api.telegram.org/bot8697646564:AAEr7EU-tV5yTUAVl1FRpak_g6xXf9VDp14/getUpdates "HTTP/1.1 200 OK"
2026-09-17 20:35:33,438 [INFO] httpx: HTTP Request: POST https://api.telegram.org/bot8697646564:AAEr7EU-tV5yTUAVl1FRpak_g6xXf9VDp14/getUpdates "HTTP/1.1 200 OK"
2026-09-17 20:35:58,584 [INFO] httpx: HTTP Request: POST https://api.telegram.org/bot8697646564:AAEr7EU-tV5yTUAVl1FRpak_g6xXf9VDp14/getUpdates "HTTP/1.1 200 OK"
2026-09-17 20:36:23,155 [INFO] app.auto_heal: auto-heal: cleaned stopped containers
2026-09-17 20:36:23,729 [INFO] httpx: HTTP Request: POST https://api.telegram.org/bot8697646564:AAEr7EU-tV5yTUAVl1FRpak_g6xXf9VDp14/getUpdates "HTTP/1.1 200 OK"
2026-09-17 20:36:48,874 [INFO] httpx: HTTP Request: POST https://api.telegram.org/bot8697646564:AAEr7EU-tV5yTUAVl1FRpak_g6xXf9VDp14/getUpdates "HTTP/1.1 200 OK"
2026-09-17 20:37:14,019 [INFO] httpx: HTTP Request: POST https://api.telegram.org/bot8697646564:AAEr7EU-tV5yTUAVl1FRpak_g6xXf9VDp14/getUpdates "HTTP/1.1 200 OK"
2026-09-17 20:37:39,166 [INFO] httpx: HTTP Request: POST https://api.telegram.org/bot8697646564:AAEr7EU-tV5yTUAVl1FRpak_g6xXf9VDp14/getUpdates "HTTP/1.1 200 OK"
2026-09-17 20:38:04,311 [INFO] httpx: HTTP Request: POST https://api.telegram.org/bot8697646564:AAEr7EU-tV5yTUAVl1FRpak_g6xXf9VDp14/getUpdates "HTTP/1.1 200 OK"
2026-09-17 20:38:23,194 [INFO] app.auto_heal: auto-heal: cleaned stopped containers
2026-09-17 20:38:29,457 [INFO] httpx: HTTP Request: POST https://api.telegram.org/bot8697646564:AAEr7EU-tV5yTUAVl1FRpak_g6xXf9VDp14/getUpdates "HTTP/1.1 200 OK"
2026-09-17 20:38:54,604 [INFO] httpx: HTTP Request: POST https://api.telegram.org/bot8697646564:AAEr7EU-tV5yTUAVl1FRpak_g6xXf9VDp14/getUpdates "HTTP/1.1 200 OK"
2026-09-17 20:39:19,749 [INFO] httpx: HTTP Request: POST https://api.telegram.org/bot8697646564:AAEr7EU-tV5yTUAVl1FRpak_g6xXf9VDp14/getUpdates "HTTP/1.1 200 OK"
2026-09-17 20:39:44,894 [INFO] httpx: HTTP Request: POST https://api.telegram.org/bot8697646564:AAEr7EU-tV5yTUAVl1FRpak_g6xXf9VDp14/getUpdates "HTTP/1.1 200 OK"
2026-09-17 20:40:10,040 [INFO] httpx: HTTP Request: POST https://api.telegram.org/bot8697646564:AAEr7EU-tV5yTUAVl1FRpak_g6xXf9VDp14/getUpdates "HTTP/1.1 200 OK"
2026-09-17 20:40:23,237 [INFO] app.auto_heal: auto-heal: cleaned stopped containers
2026-09-17 20:40:35,195 [INFO] httpx: HTTP Request: POST https://api.telegram.org/bot8697646564:AAEr7EU-tV5yTUAVl1FRpak_g6xXf9VDp14/getUpdates "HTTP/1.1 200 OK"
2026-09-17 20:41:00,340 [INFO] httpx: HTTP Request: POST https://api.telegram.org/bot8697646564:AAEr7EU-tV5yTUAVl1FRpak_g6xXf9VDp14/getUpdates "HTTP/1.1 200 OK"
2026-09-17 20:41:25,486 [INFO] httpx: HTTP Request: POST https://api.telegram.org/bot8697646564:AAEr7EU-tV5yTUAVl1FRpak_g6xXf9VDp14/getUpdates "HTTP/1.1 200 OK"
2026-09-17 20:41:50,647 [INFO] httpx: HTTP Request: POST https://api.telegram.org/bot8697646564:AAEr7EU-tV5yTUAVl1FRpak_g6xXf9VDp14/getUpdates "HTTP/1.1 200 OK"
2026-09-17 20:42:15,792 [INFO] httpx: HTTP Request: POST https://api.telegram.org/bot8697646564:AAEr7EU-tV5yTUAVl1FRpak_g6xXf9VDp14/getUpdates "HTTP/1.1 200 OK"
2026-09-17 20:42:23,281 [INFO] app.auto_heal: auto-heal: cleaned stopped containers
2026-09-17 20:42:40,937 [INFO] httpx: HTTP Request: POST https://api.telegram.org/bot8697646564:AAEr7EU-tV5yTUAVl1FRpak_g6xXf9VDp14/getUpdates "HTTP/1.1 200 OK"
2026-09-17 20:43:06,083 [INFO] httpx: HTTP Request: POST https://api.telegram.org/bot8697646564:AAEr7EU-tV5yTUAVl1FRpak_g6xXf9VDp14/getUpdates "HTTP/1.1 200 OK"
2026-09-17 20:43:31,229 [INFO] httpx: HTTP Request: POST https://api.telegram.org/bot8697646564:AAEr7EU-tV5yTUAVl1FRpak_g6xXf9VDp14/getUpdates "HTTP/1.1 200 OK"
2026-09-17 20:43:56,374 [INFO] httpx: HTTP Request: POST https://api.telegram.org/bot8697646564:AAEr7EU-tV5yTUAVl1FRpak_g6xXf9VDp14/getUpdates "HTTP/1.1 200 OK"
2026-09-17 20:44:21,520 [INFO] httpx: HTTP Request: POST https://api.telegram.org/bot8697646564:AAEr7EU-tV5yTUAVl1FRpak_g6xXf9VDp14/getUpdates "HTTP/1.1 200 OK"
2026-09-17 20:44:23,322 [INFO] app.auto_heal: auto-heal: cleaned stopped containers
2026-09-17 20:44:46,665 [INFO] httpx: HTTP Request: POST https://api.telegram.org/bot8697646564:AAEr7EU-tV5yTUAVl1FRpak_g6xXf9VDp14/getUpdates "HTTP/1.1 200 OK"
2026-09-17 20:45:11,810 [INFO] httpx: HTTP Request: POST https://api.telegram.org/bot8697646564:AAEr7EU-tV5yTUAVl1FRpak_g6xXf9VDp14/getUpdates "HTTP/1.1 200 OK"
2026-09-17 20:45:36,956 [INFO] httpx: HTTP Request: POST https://api.telegram.org/bot8697646564:AAEr7EU-tV5yTUAVl1FRpak_g6xXf9VDp14/getUpdates "HTTP/1.1 200 OK"
2026-09-17 20:46:02,101 [INFO] httpx: HTTP Request: POST https://api.telegram.org/bot8697646564:AAEr7EU-tV5yTUAVl1FRpak_g6xXf9VDp14/getUpdates "HTTP/1.1 200 OK"
2026-09-17 20:46:23,355 [INFO] app.auto_heal: auto-heal: cleaned stopped containers
2026-09-17 20:46:27,247 [INFO] httpx: HTTP Request: POST https://api.telegram.org/bot8697646564:AAEr7EU-tV5yTUAVl1FRpak_g6xXf9VDp14/getUpdates "HTTP/1.1 200 OK"
2026-09-17 20:46:52,393 [INFO] httpx: HTTP Request: POST https://api.telegram.org/bot8697646564:AAEr7EU-tV5yTUAVl1FRpak_g6xXf9VDp14/getUpdates "HTTP/1.1 200 OK"
2026-09-17 20:47:17,541 [INFO] httpx: HTTP Request: POST https://api.telegram.org/bot8697646564:AAEr7EU-tV5yTUAVl1FRpak_g6xXf9VDp14/getUpdates "HTTP/1.1 200 OK"
2026-09-17 20:47:42,686 [INFO] httpx: HTTP Request: POST https://api.telegram.org/bot8697646564:AAEr7EU-tV5yTUAVl1FRpak_g6xXf9VDp14/getUpdates "HTTP/1.1 200 OK"
2026-09-17 20:48:07,832 [INFO] httpx: HTTP Request: POST https://api.telegram.org/bot8697646564:AAEr7EU-tV5yTUAVl1FRpak_g6xXf9VDp14/getUpdates "HTTP/1.1 200 OK"
2026-09-17 20:48:23,398 [INFO] app.auto_heal: auto-heal: cleaned stopped containers
2026-09-17 20:48:32,979 [INFO] httpx: HTTP Request: POST https://api.telegram.org/bot8697646564:AAEr7EU-tV5yTUAVl1FRpak_g6xXf9VDp14/getUpdates "HTTP/1.1 200 OK"
2026-09-17 20:48:58,124 [INFO] httpx: HTTP Request: POST https://api.telegram.org/bot8697646564:AAEr7EU-tV5yTUAVl1FRpak_g6xXf9VDp14/getUpdates "HTTP/1.1 200 OK"
2026-09-17 20:49:23,271 [INFO] httpx: HTTP Request: POST https://api.telegram.org/bot8697646564:AAEr7EU-tV5yTUAVl1FRpak_g6xXf9VDp14/getUpdates "HTTP/1.1 200 OK"
2026-09-17 20:49:48,416 [INFO] httpx: HTTP Request: POST https://api.telegram.org/bot8697646564:AAEr7EU-tV5yTUAVl1FRpak_g6xXf9VDp14/getUpdates "HTTP/1.1 200 OK"
2026-09-17 20:50:13,562 [INFO] httpx: HTTP Request: POST https://api.telegram.org/bot8697646564:AAEr7EU-tV5yTUAVl1FRpak_g6xXf9VDp14/getUpdates "HTTP/1.1 200 OK"
2026-09-17 20:50:23,435 [INFO] app.auto_heal: auto-heal: cleaned stopped containers
2026-09-17 20:50:38,708 [INFO] httpx: HTTP Request: POST https://api.telegram.org/bot8697646564:AAEr7EU-tV5yTUAVl1FRpak_g6xXf9VDp14/getUpdates "HTTP/1.1 200 OK"
2026-09-17 20:51:03,853 [INFO] httpx: HTTP Request: POST https://api.telegram.org/bot8697646564:AAEr7EU-tV5yTUAVl1FRpak_g6xXf9VDp14/getUpdates "HTTP/1.1 200 OK"
2026-09-17 20:51:28,998 [INFO] httpx: HTTP Request: POST https://api.telegram.org/bot8697646564:AAEr7EU-tV5yTUAVl1FRpak_g6xXf9VDp14/getUpdates "HTTP/1.1 200 OK"
2026-09-17 20:51:54,143 [INFO] httpx: HTTP Request: POST https://api.telegram.org/bot8697646564:AAEr7EU-tV5yTUAVl1FRpak_g6xXf9VDp14/getUpdates "HTTP/1.1 200 OK"
2026-09-17 20:52:19,288 [INFO] httpx: HTTP Request: POST https://api.telegram.org/bot8697646564:AAEr7EU-tV5yTUAVl1FRpak_g6xXf9VDp14/getUpdates "HTTP/1.1 200 OK"
2026-09-17 20:52:23,478 [INFO] app.auto_heal: auto-heal: cleaned stopped containers
2026-09-17 20:52:44,434 [INFO] httpx: HTTP Request: POST https://api.telegram.org/bot8697646564:AAEr7EU-tV5yTUAVl1FRpak_g6xXf9VDp14/getUpdates "HTTP/1.1 200 OK"
2026-09-17 20:53:09,695 [INFO] httpx: HTTP Request: POST https://api.telegram.org/bot8697646564:AAEr7EU-tV5yTUAVl1FRpak_g6xXf9VDp14/getUpdates "HTTP/1.1 200 OK"
2026-09-17 20:53:34,840 [INFO] httpx: HTTP Request: POST https://api.telegram.org/bot8697646564:AAEr7EU-tV5yTUAVl1FRpak_g6xXf9VDp14/getUpdates "HTTP/1.1 200 OK"
2026-09-17 20:53:59,986 [INFO] httpx: HTTP Request: POST https://api.telegram.org/bot8697646564:AAEr7EU-tV5yTUAVl1FRpak_g6xXf9VDp14/getUpdates "HTTP/1.1 200 OK"
2026-09-17 20:54:23,512 [INFO] app.auto_heal: auto-heal: cleaned stopped containers
2026-09-17 20:54:25,132 [INFO] httpx: HTTP Request: POST https://api.telegram.org/bot8697646564:AAEr7EU-tV5yTUAVl1FRpak_g6xXf9VDp14/getUpdates "HTTP/1.1 200 OK"
2026-09-17 20:54:50,279 [INFO] httpx: HTTP Request: POST https://api.telegram.org/bot8697646564:AAEr7EU-tV5yTUAVl1FRpak_g6xXf9VDp14/getUpdates "HTTP/1.1 200 OK"
2026-09-17 20:55:15,425 [INFO] httpx: HTTP Request: POST https://api.telegram.org/bot8697646564:AAEr7EU-tV5yTUAVl1FRpak_g6xXf9VDp14/getUpdates "HTTP/1.1 200 OK"
2026-09-17 20:55:40,570 [INFO] httpx: HTTP Request: POST https://api.telegram.org/bot8697646564:AAEr7EU-tV5yTUAVl1FRpak_g6xXf9VDp14/getUpdates "HTTP/1.1 200 OK"
2026-09-17 20:56:05,716 [INFO] httpx: HTTP Request: POST https://api.telegram.org/bot8697646564:AAEr7EU-tV5yTUAVl1FRpak_g6xXf9VDp14/getUpdates "HTTP/1.1 200 OK"
2026-09-17 20:56:23,546 [INFO] app.auto_heal: auto-heal: cleaned stopped containers
2026-09-17 20:56:30,861 [INFO] httpx: HTTP Request: POST https://api.telegram.org/bot8697646564:AAEr7EU-tV5yTUAVl1FRpak_g6xXf9VDp14/getUpdates "HTTP/1.1 200 OK"
2026-09-17 20:56:56,006 [INFO] httpx: HTTP Request: POST https://api.telegram.org/bot8697646564:AAEr7EU-tV5yTUAVl1FRpak_g6xXf9VDp14/getUpdates "HTTP/1.1 200 OK"
2026-09-17 20:57:21,152 [INFO] httpx: HTTP Request: POST https://api.telegram.org/bot8697646564:AAEr7EU-tV5yTUAVl1FRpak_g6xXf9VDp14/getUpdates "HTTP/1.1 200 OK"
2026-09-17 20:57:46,298 [INFO] httpx: HTTP Request: POST https://api.telegram.org/bot8697646564:AAEr7EU-tV5yTUAVl1FRpak_g6xXf9VDp14/getUpdates "HTTP/1.1 200 OK"
2026-09-17 20:58:11,444 [INFO] httpx: HTTP Request: POST https://api.telegram.org/bot8697646564:AAEr7EU-tV5yTUAVl1FRpak_g6xXf9VDp14/getUpdates "HTTP/1.1 200 OK"
2026-09-17 20:58:23,586 [INFO] app.auto_heal: auto-heal: cleaned stopped containers
2026-09-17 20:58:36,589 [INFO] httpx: HTTP Request: POST https://api.telegram.org/bot8697646564:AAEr7EU-tV5yTUAVl1FRpak_g6xXf9VDp14/getUpdates "HTTP/1.1 200 OK"
2026-09-17 20:59:01,735 [INFO] httpx: HTTP Request: POST https://api.telegram.org/bot8697646564:AAEr7EU-tV5yTUAVl1FRpak_g6xXf9VDp14/getUpdates "HTTP/1.1 200 OK"
2026-09-17 20:59:26,880 [INFO] httpx: HTTP Request: POST https://api.telegram.org/bot8697646564:AAEr7EU-tV5yTUAVl1FRpak_g6xXf9VDp14/getUpdates "HTTP/1.1 200 OK"
2026-09-17 20:59:52,025 [INFO] httpx: HTTP Request: POST https://api.telegram.org/bot8697646564:AAEr7EU-tV5yTUAVl1FRpak_g6xXf9VDp14/getUpdates "HTTP/1.1 200 OK"
2026-09-17 21:00:17,171 [INFO] httpx: HTTP Request: POST https://api.telegram.org/bot8697646564:AAEr7EU-tV5yTUAVl1FRpak_g6xXf9VDp14/getUpdates "HTTP/1.1 200 OK"
2026-09-17 21:00:23,626 [INFO] app.auto_heal: auto-heal: cleaned stopped containers
2026-09-17 21:00:42,316 [INFO] httpx: HTTP Request: POST https://api.telegram.org/bot8697646564:AAEr7EU-tV5yTUAVl1FRpak_g6xXf9VDp14/getUpdates "HTTP/1.1 200 OK"
2026-09-17 21:01:07,461 [INFO] httpx: HTTP Request: POST https://api.telegram.org/bot8697646564:AAEr7EU-tV5yTUAVl1FRpak_g6xXf9VDp14/getUpdates "HTTP/1.1 200 OK"
2026-09-17 21:01:32,608 [INFO] httpx: HTTP Request: POST https://api.telegram.org/bot8697646564:AAEr7EU-tV5yTUAVl1FRpak_g6xXf9VDp14/getUpdates "HTTP/1.1 200 OK"
2026-09-17 21:01:57,754 [INFO] httpx: HTTP Request: POST https://api.telegram.org/bot8697646564:AAEr7EU-tV5yTUAVl1FRpak_g6xXf9VDp14/getUpdates "HTTP/1.1 200 OK"
2026-09-17 21:02:22,902 [INFO] httpx: HTTP Request: POST https://api.telegram.org/bot8697646564:AAEr7EU-tV5yTUAVl1FRpak_g6xXf9VDp14/getUpdates "HTTP/1.1 200 OK"
2026-09-17 21:02:23,662 [INFO] app.auto_heal: auto-heal: cleaned stopped containers
2026-09-17 21:02:48,047 [INFO] httpx: HTTP Request: POST https://api.telegram.org/bot8697646564:AAEr7EU-tV5yTUAVl1FRpak_g6xXf9VDp14/getUpdates "HTTP/1.1 200 OK"
2026-09-17 21:03:13,193 [INFO] httpx: HTTP Request: POST https://api.telegram.org/bot8697646564:AAEr7EU-tV5yTUAVl1FRpak_g6xXf9VDp14/getUpdates "HTTP/1.1 200 OK"
2026-09-17 21:03:38,339 [INFO] httpx: HTTP Request: POST https://api.telegram.org/bot8697646564:AAEr7EU-tV5yTUAVl1FRpak_g6xXf9VDp14/getUpdates "HTTP/1.1 200 OK"
2026-09-17 21:04:03,486 [INFO] httpx: HTTP Request: POST https://api.telegram.org/bot8697646564:AAEr7EU-tV5yTUAVl1FRpak_g6xXf9VDp14/getUpdates "HTTP/1.1 200 OK"
2026-09-17 21:04:23,697 [INFO] app.auto_heal: auto-heal: cleaned stopped containers
2026-09-17 21:04:28,631 [INFO] httpx: HTTP Request: POST https://api.telegram.org/bot8697646564:AAEr7EU-tV5yTUAVl1FRpak_g6xXf9VDp14/getUpdates "HTTP/1.1 200 OK"
2026-09-17 21:04:53,776 [INFO] httpx: HTTP Request: POST https://api.telegram.org/bot8697646564:AAEr7EU-tV5yTUAVl1FRpak_g6xXf9VDp14/getUpdates "HTTP/1.1 200 OK"
2026-09-17 21:05:18,922 [INFO] httpx: HTTP Request: POST https://api.telegram.org/bot8697646564:AAEr7EU-tV5yTUAVl1FRpak_g6xXf9VDp14/getUpdates "HTTP/1.1 200 OK"
2026-09-17 21:05:44,068 [INFO] httpx: HTTP Request: POST https://api.telegram.org/bot8697646564:AAEr7EU-tV5yTUAVl1FRpak_g6xXf9VDp14/getUpdates "HTTP/1.1 200 OK"
2026-09-17 21:06:09,214 [INFO] httpx: HTTP Request: POST https://api.telegram.org/bot8697646564:AAEr7EU-tV5yTUAVl1FRpak_g6xXf9VDp14/getUpdates "HTTP/1.1 200 OK"
2026-09-17 21:06:23,735 [INFO] app.auto_heal: auto-heal: cleaned stopped containers
2026-09-17 21:06:34,359 [INFO] httpx: HTTP Request: POST https://api.telegram.org/bot8697646564:AAEr7EU-tV5yTUAVl1FRpak_g6xXf9VDp14/getUpdates "HTTP/1.1 200 OK"
2026-09-17 21:06:59,504 [INFO] httpx: HTTP Request: POST https://api.telegram.org/bot8697646564:AAEr7EU-tV5yTUAVl1FRpak_g6xXf9VDp14/getUpdates "HTTP/1.1 200 OK"
2026-09-17 21:07:24,650 [INFO] httpx: HTTP Request: POST https://api.telegram.org/bot8697646564:AAEr7EU-tV5yTUAVl1FRpak_g6xXf9VDp14/getUpdates "HTTP/1.1 200 OK"
2026-09-17 21:07:49,795 [INFO] httpx: HTTP Request: POST https://api.telegram.org/bot8697646564:AAEr7EU-tV5yTUAVl1FRpak_g6xXf9VDp14/getUpdates "HTTP/1.1 200 OK"
2026-09-17 21:08:14,942 [INFO] httpx: HTTP Request: POST https://api.telegram.org/bot8697646564:AAEr7EU-tV5yTUAVl1FRpak_g6xXf9VDp14/getUpdates "HTTP/1.1 200 OK"
2026-09-17 21:08:23,778 [INFO] app.auto_heal: auto-heal: cleaned stopped containers
2026-09-17 21:08:40,087 [INFO] httpx: HTTP Request: POST https://api.telegram.org/bot8697646564:AAEr7EU-tV5yTUAVl1FRpak_g6xXf9VDp14/getUpdates "HTTP/1.1 200 OK"
2026-09-17 21:09:05,231 [INFO] httpx: HTTP Request: POST https://api.telegram.org/bot8697646564:AAEr7EU-tV5yTUAVl1FRpak_g6xXf9VDp14/getUpdates "HTTP/1.1 200 OK"
2026-09-17 21:09:30,377 [INFO] httpx: HTTP Request: POST https://api.telegram.org/bot8697646564:AAEr7EU-tV5yTUAVl1FRpak_g6xXf9VDp14/getUpdates "HTTP/1.1 200 OK"
2026-09-17 21:09:55,522 [INFO] httpx: HTTP Request: POST https://api.telegram.org/bot8697646564:AAEr7EU-tV5yTUAVl1FRpak_g6xXf9VDp14/getUpdates "HTTP/1.1 200 OK"
2026-09-17 21:10:20,668 [INFO] httpx: HTTP Request: POST https://api.telegram.org/bot8697646564:AAEr7EU-tV5yTUAVl1FRpak_g6xXf9VDp14/getUpdates "HTTP/1.1 200 OK"
2026-09-17 21:10:23,812 [INFO] app.auto_heal: auto-heal: cleaned stopped containers
2026-09-17 21:10:45,814 [INFO] httpx: HTTP Request: POST https://api.telegram.org/bot8697646564:AAEr7EU-tV5yTUAVl1FRpak_g6xXf9VDp14/getUpdates "HTTP/1.1 200 OK"
2026-09-17 21:11:10,959 [INFO] httpx: HTTP Request: POST https://api.telegram.org/bot8697646564:AAEr7EU-tV5yTUAVl1FRpak_g6xXf9VDp14/getUpdates "HTTP/1.1 200 OK"
2026-09-17 21:11:36,109 [INFO] httpx: HTTP Request: POST https://api.telegram.org/bot8697646564:AAEr7EU-tV5yTUAVl1FRpak_g6xXf9VDp14/getUpdates "HTTP/1.1 200 OK"
2026-09-17 21:12:01,255 [INFO] httpx: HTTP Request: POST https://api.telegram.org/bot8697646564:AAEr7EU-tV5yTUAVl1FRpak_g6xXf9VDp14/getUpdates "HTTP/1.1 200 OK"
2026-09-17 21:12:23,846 [INFO] app.auto_heal: auto-heal: cleaned stopped containers
2026-09-17 21:12:26,402 [INFO] httpx: HTTP Request: POST https://api.telegram.org/bot8697646564:AAEr7EU-tV5yTUAVl1FRpak_g6xXf9VDp14/getUpdates "HTTP/1.1 200 OK"
2026-09-17 21:12:51,549 [INFO] httpx: HTTP Request: POST https://api.telegram.org/bot8697646564:AAEr7EU-tV5yTUAVl1FRpak_g6xXf9VDp14/getUpdates "HTTP/1.1 200 OK"
2026-09-17 21:13:16,695 [INFO] httpx: HTTP Request: POST https://api.telegram.org/bot8697646564:AAEr7EU-tV5yTUAVl1FRpak_g6xXf9VDp14/getUpdates "HTTP/1.1 200 OK"
2026-09-17 21:13:41,865 [INFO] httpx: HTTP Request: POST https://api.telegram.org/bot8697646564:AAEr7EU-tV5yTUAVl1FRpak_g6xXf9VDp14/getUpdates "HTTP/1.1 200 OK"
2026-09-17 21:14:07,012 [INFO] httpx: HTTP Request: POST https://api.telegram.org/bot8697646564:AAEr7EU-tV5yTUAVl1FRpak_g6xXf9VDp14/getUpdates "HTTP/1.1 200 OK"
2026-09-17 21:14:23,879 [INFO] app.auto_heal: auto-heal: cleaned stopped containers
2026-09-17 21:14:32,157 [INFO] httpx: HTTP Request: POST https://api.telegram.org/bot8697646564:AAEr7EU-tV5yTUAVl1FRpak_g6xXf9VDp14/getUpdates "HTTP/1.1 200 OK"
2026-09-17 21:14:57,303 [INFO] httpx: HTTP Request: POST https://api.telegram.org/bot8697646564:AAEr7EU-tV5yTUAVl1FRpak_g6xXf9VDp14/getUpdates "HTTP/1.1 200 OK"
2026-09-17 21:15:22,448 [INFO] httpx: HTTP Request: POST https://api.telegram.org/bot8697646564:AAEr7EU-tV5yTUAVl1FRpak_g6xXf9VDp14/getUpdates "HTTP/1.1 200 OK"
2026-09-17 21:15:47,594 [INFO] httpx: HTTP Request: POST https://api.telegram.org/bot8697646564:AAEr7EU-tV5yTUAVl1FRpak_g6xXf9VDp14/getUpdates "HTTP/1.1 200 OK"
2026-09-17 21:16:12,740 [INFO] httpx: HTTP Request: POST https://api.telegram.org/bot8697646564:AAEr7EU-tV5yTUAVl1FRpak_g6xXf9VDp14/getUpdates "HTTP/1.1 200 OK"
2026-09-17 21:16:23,911 [INFO] app.auto_heal: auto-heal: cleaned stopped containers
2026-09-17 21:16:37,887 [INFO] httpx: HTTP Request: POST https://api.telegram.org/bot8697646564:AAEr7EU-tV5yTUAVl1FRpak_g6xXf9VDp14/getUpdates "HTTP/1.1 200 OK"
2026-09-17 21:17:03,035 [INFO] httpx: HTTP Request: POST https://api.telegram.org/bot8697646564:AAEr7EU-tV5yTUAVl1FRpak_g6xXf9VDp14/getUpdates "HTTP/1.1 200 OK"
2026-09-17 21:17:28,184 [INFO] httpx: HTTP Request: POST https://api.telegram.org/bot8697646564:AAEr7EU-tV5yTUAVl1FRpak_g6xXf9VDp14/getUpdates "HTTP/1.1 200 OK"
2026-09-17 21:17:53,333 [INFO] httpx: HTTP Request: POST https://api.telegram.org/bot8697646564:AAEr7EU-tV5yTUAVl1FRpak_g6xXf9VDp14/getUpdates "HTTP/1.1 200 OK"
2026-09-17 21:18:18,481 [INFO] httpx: HTTP Request: POST https://api.telegram.org/bot8697646564:AAEr7EU-tV5yTUAVl1FRpak_g6xXf9VDp14/getUpdates "HTTP/1.1 200 OK"
2026-09-17 21:18:23,947 [INFO] app.auto_heal: auto-heal: cleaned stopped containers
2026-09-17 21:18:43,629 [INFO] httpx: HTTP Request: POST https://api.telegram.org/bot8697646564:AAEr7EU-tV5yTUAVl1FRpak_g6xXf9VDp14/getUpdates "HTTP/1.1 200 OK"
2026-09-17 21:19:08,779 [INFO] httpx: HTTP Request: POST https://api.telegram.org/bot8697646564:AAEr7EU-tV5yTUAVl1FRpak_g6xXf9VDp14/getUpdates "HTTP/1.1 200 OK"
2026-09-17 21:19:33,927 [INFO] httpx: HTTP Request: POST https://api.telegram.org/bot8697646564:AAEr7EU-tV5yTUAVl1FRpak_g6xXf9VDp14/getUpdates "HTTP/1.1 200 OK"
2026-09-17 21:19:59,074 [INFO] httpx: HTTP Request: POST https://api.telegram.org/bot8697646564:AAEr7EU-tV5yTUAVl1FRpak_g6xXf9VDp14/getUpdates "HTTP/1.1 200 OK"
2026-09-17 21:20:23,982 [INFO] app.auto_heal: auto-heal: cleaned stopped containers
2026-09-17 21:20:24,222 [INFO] httpx: HTTP Request: POST https://api.telegram.org/bot8697646564:AAEr7EU-tV5yTUAVl1FRpak_g6xXf9VDp14/getUpdates "HTTP/1.1 200 OK"
2026-09-17 21:20:49,369 [INFO] httpx: HTTP Request: POST https://api.telegram.org/bot8697646564:AAEr7EU-tV5yTUAVl1FRpak_g6xXf9VDp14/getUpdates "HTTP/1.1 200 OK"
2026-09-17 21:21:14,517 [INFO] httpx: HTTP Request: POST https://api.telegram.org/bot8697646564:AAEr7EU-tV5yTUAVl1FRpak_g6xXf9VDp14/getUpdates "HTTP/1.1 200 OK"
2026-09-17 21:21:39,666 [INFO] httpx: HTTP Request: POST https://api.telegram.org/bot8697646564:AAEr7EU-tV5yTUAVl1FRpak_g6xXf9VDp14/getUpdates "HTTP/1.1 200 OK"
2026-09-17 21:22:04,813 [INFO] httpx: HTTP Request: POST https://api.telegram.org/bot8697646564:AAEr7EU-tV5yTUAVl1FRpak_g6xXf9VDp14/getUpdates "HTTP/1.1 200 OK"
2026-09-17 21:22:24,019 [INFO] app.auto_heal: auto-heal: cleaned stopped containers
2026-09-17 21:22:29,961 [INFO] httpx: HTTP Request: POST https://api.telegram.org/bot8697646564:AAEr7EU-tV5yTUAVl1FRpak_g6xXf9VDp14/getUpdates "HTTP/1.1 200 OK"
2026-09-17 21:22:55,106 [INFO] httpx: HTTP Request: POST https://api.telegram.org/bot8697646564:AAEr7EU-tV5yTUAVl1FRpak_g6xXf9VDp14/getUpdates "HTTP/1.1 200 OK"
2026-09-17 21:23:20,251 [INFO] httpx: HTTP Request: POST https://api.telegram.org/bot8697646564:AAEr7EU-tV5yTUAVl1FRpak_g6xXf9VDp14/getUpdates "HTTP/1.1 200 OK"
2026-09-17 21:23:45,396 [INFO] httpx: HTTP Request: POST https://api.telegram.org/bot8697646564:AAEr7EU-tV5yTUAVl1FRpak_g6xXf9VDp14/getUpdates "HTTP/1.1 200 OK"
2026-09-17 21:24:10,544 [INFO] httpx: HTTP Request: POST https://api.telegram.org/bot8697646564:AAEr7EU-tV5yTUAVl1FRpak_g6xXf9VDp14/getUpdates "HTTP/1.1 200 OK"
2026-09-17 21:24:24,064 [INFO] app.auto_heal: auto-heal: cleaned stopped containers
2026-09-17 21:24:35,690 [INFO] httpx: HTTP Request: POST https://api.telegram.org/bot8697646564:AAEr7EU-tV5yTUAVl1FRpak_g6xXf9VDp14/getUpdates "HTTP/1.1 200 OK"
2026-09-17 21:25:00,836 [INFO] httpx: HTTP Request: POST https://api.telegram.org/bot8697646564:AAEr7EU-tV5yTUAVl1FRpak_g6xXf9VDp14/getUpdates "HTTP/1.1 200 OK"
2026-09-17 21:25:25,981 [INFO] httpx: HTTP Request: POST https://api.telegram.org/bot8697646564:AAEr7EU-tV5yTUAVl1FRpak_g6xXf9VDp14/getUpdates "HTTP/1.1 200 OK"
2026-09-17 21:25:51,127 [INFO] httpx: HTTP Request: POST https://api.telegram.org/bot8697646564:AAEr7EU-tV5yTUAVl1FRpak_g6xXf9VDp14/getUpdates "HTTP/1.1 200 OK"
2026-09-17 21:26:16,273 [INFO] httpx: HTTP Request: POST https://api.telegram.org/bot8697646564:AAEr7EU-tV5yTUAVl1FRpak_g6xXf9VDp14/getUpdates "HTTP/1.1 200 OK"
2026-09-17 21:26:24,108 [INFO] app.auto_heal: auto-heal: cleaned stopped containers
2026-09-17 21:26:41,419 [INFO] httpx: HTTP Request: POST https://api.telegram.org/bot8697646564:AAEr7EU-tV5yTUAVl1FRpak_g6xXf9VDp14/getUpdates "HTTP/1.1 200 OK"
2026-09-17 21:27:06,951 [INFO] httpx: HTTP Request: POST https://api.telegram.org/bot8697646564:AAEr7EU-tV5yTUAVl1FRpak_g6xXf9VDp14/getUpdates "HTTP/1.1 200 OK"
2026-09-17 21:27:32,105 [INFO] httpx: HTTP Request: POST https://api.telegram.org/bot8697646564:AAEr7EU-tV5yTUAVl1FRpak_g6xXf9VDp14/getUpdates "HTTP/1.1 200 OK"
2026-09-17 21:27:57,260 [INFO] httpx: HTTP Request: POST https://api.telegram.org/bot8697646564:AAEr7EU-tV5yTUAVl1FRpak_g6xXf9VDp14/getUpdates "HTTP/1.1 200 OK"
2026-09-17 21:28:22,413 [INFO] httpx: HTTP Request: POST https://api.telegram.org/bot8697646564:AAEr7EU-tV5yTUAVl1FRpak_g6xXf9VDp14/getUpdates "HTTP/1.1 200 OK"
2026-09-17 21:28:24,145 [INFO] app.auto_heal: auto-heal: cleaned stopped containers
2026-09-17 21:28:47,567 [INFO] httpx: HTTP Request: POST https://api.telegram.org/bot8697646564:AAEr7EU-tV5yTUAVl1FRpak_g6xXf9VDp14/getUpdates "HTTP/1.1 200 OK"
2026-09-17 21:29:12,721 [INFO] httpx: HTTP Request: POST https://api.telegram.org/bot8697646564:AAEr7EU-tV5yTUAVl1FRpak_g6xXf9VDp14/getUpdates "HTTP/1.1 200 OK"
2026-09-17 21:29:37,875 [INFO] httpx: HTTP Request: POST https://api.telegram.org/bot8697646564:AAEr7EU-tV5yTUAVl1FRpak_g6xXf9VDp14/getUpdates "HTTP/1.1 200 OK"
2026-09-17 21:30:03,029 [INFO] httpx: HTTP Request: POST https://api.telegram.org/bot8697646564:AAEr7EU-tV5yTUAVl1FRpak_g6xXf9VDp14/getUpdates "HTTP/1.1 200 OK"
2026-09-17 21:30:24,180 [INFO] app.auto_heal: auto-heal: cleaned stopped containers
2026-09-17 21:30:28,183 [INFO] httpx: HTTP Request: POST https://api.telegram.org/bot8697646564:AAEr7EU-tV5yTUAVl1FRpak_g6xXf9VDp14/getUpdates "HTTP/1.1 200 OK"
2026-09-17 21:30:53,337 [INFO] httpx: HTTP Request: POST https://api.telegram.org/bot8697646564:AAEr7EU-tV5yTUAVl1FRpak_g6xXf9VDp14/getUpdates "HTTP/1.1 200 OK"
2026-09-17 21:31:18,491 [INFO] httpx: HTTP Request: POST https://api.telegram.org/bot8697646564:AAEr7EU-tV5yTUAVl1FRpak_g6xXf9VDp14/getUpdates "HTTP/1.1 200 OK"
2026-09-17 21:31:43,645 [INFO] httpx: HTTP Request: POST https://api.telegram.org/bot8697646564:AAEr7EU-tV5yTUAVl1FRpak_g6xXf9VDp14/getUpdates "HTTP/1.1 200 OK"
2026-09-17 21:32:08,793 [INFO] httpx: HTTP Request: POST https://api.telegram.org/bot8697646564:AAEr7EU-tV5yTUAVl1FRpak_g6xXf9VDp14/getUpdates "HTTP/1.1 200 OK"
2026-09-17 21:32:24,217 [INFO] app.auto_heal: auto-heal: cleaned stopped containers
2026-09-17 21:32:33,942 [INFO] httpx: HTTP Request: POST https://api.telegram.org/bot8697646564:AAEr7EU-tV5yTUAVl1FRpak_g6xXf9VDp14/getUpdates "HTTP/1.1 200 OK"
2026-09-17 21:32:59,089 [INFO] httpx: HTTP Request: POST https://api.telegram.org/bot8697646564:AAEr7EU-tV5yTUAVl1FRpak_g6xXf9VDp14/getUpdates "HTTP/1.1 200 OK"
2026-09-17 21:33:24,238 [INFO] httpx: HTTP Request: POST https://api.telegram.org/bot8697646564:AAEr7EU-tV5yTUAVl1FRpak_g6xXf9VDp14/getUpdates "HTTP/1.1 200 OK"
2026-09-17 21:33:49,387 [INFO] httpx: HTTP Request: POST https://api.telegram.org/bot8697646564:AAEr7EU-tV5yTUAVl1FRpak_g6xXf9VDp14/getUpdates "HTTP/1.1 200 OK"
2026-09-17 21:34:14,536 [INFO] httpx: HTTP Request: POST https://api.telegram.org/bot8697646564:AAEr7EU-tV5yTUAVl1FRpak_g6xXf9VDp14/getUpdates "HTTP/1.1 200 OK"
2026-09-17 21:34:24,261 [INFO] app.auto_heal: auto-heal: cleaned stopped containers
2026-09-17 21:34:39,685 [INFO] httpx: HTTP Request: POST https://api.telegram.org/bot8697646564:AAEr7EU-tV5yTUAVl1FRpak_g6xXf9VDp14/getUpdates "HTTP/1.1 200 OK"
2026-09-17 21:35:04,833 [INFO] httpx: HTTP Request: POST https://api.telegram.org/bot8697646564:AAEr7EU-tV5yTUAVl1FRpak_g6xXf9VDp14/getUpdates "HTTP/1.1 200 OK"
2026-09-17 21:35:29,982 [INFO] httpx: HTTP Request: POST https://api.telegram.org/bot8697646564:AAEr7EU-tV5yTUAVl1FRpak_g6xXf9VDp14/getUpdates "HTTP/1.1 200 OK"
2026-09-17 21:35:55,130 [INFO] httpx: HTTP Request: POST https://api.telegram.org/bot8697646564:AAEr7EU-tV5yTUAVl1FRpak_g6xXf9VDp14/getUpdates "HTTP/1.1 200 OK"
2026-09-17 21:36:20,278 [INFO] httpx: HTTP Request: POST https://api.telegram.org/bot8697646564:AAEr7EU-tV5yTUAVl1FRpak_g6xXf9VDp14/getUpdates "HTTP/1.1 200 OK"
2026-09-17 21:36:24,296 [INFO] app.auto_heal: auto-heal: cleaned stopped containers
2026-09-17 21:36:45,427 [INFO] httpx: HTTP Request: POST https://api.telegram.org/bot8697646564:AAEr7EU-tV5yTUAVl1FRpak_g6xXf9VDp14/getUpdates "HTTP/1.1 200 OK"
2026-09-17 21:37:10,575 [INFO] httpx: HTTP Request: POST https://api.telegram.org/bot8697646564:AAEr7EU-tV5yTUAVl1FRpak_g6xXf9VDp14/getUpdates "HTTP/1.1 200 OK"
2026-09-17 21:37:35,723 [INFO] httpx: HTTP Request: POST https://api.telegram.org/bot8697646564:AAEr7EU-tV5yTUAVl1FRpak_g6xXf9VDp14/getUpdates "HTTP/1.1 200 OK"
2026-09-17 21:38:00,871 [INFO] httpx: HTTP Request: POST https://api.telegram.org/bot8697646564:AAEr7EU-tV5yTUAVl1FRpak_g6xXf9VDp14/getUpdates "HTTP/1.1 200 OK"
2026-09-17 21:38:24,334 [INFO] app.auto_heal: auto-heal: cleaned stopped containers
2026-09-17 21:38:26,019 [INFO] httpx: HTTP Request: POST https://api.telegram.org/bot8697646564:AAEr7EU-tV5yTUAVl1FRpak_g6xXf9VDp14/getUpdates "HTTP/1.1 200 OK"
2026-09-17 21:38:51,168 [INFO] httpx: HTTP Request: POST https://api.telegram.org/bot8697646564:AAEr7EU-tV5yTUAVl1FRpak_g6xXf9VDp14/getUpdates "HTTP/1.1 200 OK"
2026-09-17 21:39:16,317 [INFO] httpx: HTTP Request: POST https://api.telegram.org/bot8697646564:AAEr7EU-tV5yTUAVl1FRpak_g6xXf9VDp14/getUpdates "HTTP/1.1 200 OK"
2026-09-17 21:39:41,464 [INFO] httpx: HTTP Request: POST https://api.telegram.org/bot8697646564:AAEr7EU-tV5yTUAVl1FRpak_g6xXf9VDp14/getUpdates "HTTP/1.1 200 OK"
2026-09-17 21:40:06,612 [INFO] httpx: HTTP Request: POST https://api.telegram.org/bot8697646564:AAEr7EU-tV5yTUAVl1FRpak_g6xXf9VDp14/getUpdates "HTTP/1.1 200 OK"
2026-09-17 21:40:24,374 [INFO] app.auto_heal: auto-heal: cleaned stopped containers
2026-09-17 21:40:31,760 [INFO] httpx: HTTP Request: POST https://api.telegram.org/bot8697646564:AAEr7EU-tV5yTUAVl1FRpak_g6xXf9VDp14/getUpdates "HTTP/1.1 200 OK"
2026-09-17 21:40:56,909 [INFO] httpx: HTTP Request: POST https://api.telegram.org/bot8697646564:AAEr7EU-tV5yTUAVl1FRpak_g6xXf9VDp14/getUpdates "HTTP/1.1 200 OK"
2026-09-17 21:41:22,058 [INFO] httpx: HTTP Request: POST https://api.telegram.org/bot8697646564:AAEr7EU-tV5yTUAVl1FRpak_g6xXf9VDp14/getUpdates "HTTP/1.1 200 OK"
2026-09-17 21:41:47,208 [INFO] httpx: HTTP Request: POST https://api.telegram.org/bot8697646564:AAEr7EU-tV5yTUAVl1FRpak_g6xXf9VDp14/getUpdates "HTTP/1.1 200 OK"
2026-09-17 21:42:12,357 [INFO] httpx: HTTP Request: POST https://api.telegram.org/bot8697646564:AAEr7EU-tV5yTUAVl1FRpak_g6xXf9VDp14/getUpdates "HTTP/1.1 200 OK"
2026-09-17 21:42:24,409 [INFO] app.auto_heal: auto-heal: cleaned stopped containers
2026-09-17 21:42:37,506 [INFO] httpx: HTTP Request: POST https://api.telegram.org/bot8697646564:AAEr7EU-tV5yTUAVl1FRpak_g6xXf9VDp14/getUpdates "HTTP/1.1 200 OK"
2026-09-17 21:43:02,655 [INFO] httpx: HTTP Request: POST https://api.telegram.org/bot8697646564:AAEr7EU-tV5yTUAVl1FRpak_g6xXf9VDp14/getUpdates "HTTP/1.1 200 OK"
2026-09-17 21:43:27,803 [INFO] httpx: HTTP Request: POST https://api.telegram.org/bot8697646564:AAEr7EU-tV5yTUAVl1FRpak_g6xXf9VDp14/getUpdates "HTTP/1.1 200 OK"
2026-09-17 21:43:52,951 [INFO] httpx: HTTP Request: POST https://api.telegram.org/bot8697646564:AAEr7EU-tV5yTUAVl1FRpak_g6xXf9VDp14/getUpdates "HTTP/1.1 200 OK"
2026-09-17 21:44:18,099 [INFO] httpx: HTTP Request: POST https://api.telegram.org/bot8697646564:AAEr7EU-tV5yTUAVl1FRpak_g6xXf9VDp14/getUpdates "HTTP/1.1 200 OK"
2026-09-17 21:44:24,444 [INFO] app.auto_heal: auto-heal: cleaned stopped containers
2026-09-17 21:44:43,247 [INFO] httpx: HTTP Request: POST https://api.telegram.org/bot8697646564:AAEr7EU-tV5yTUAVl1FRpak_g6xXf9VDp14/getUpdates "HTTP/1.1 200 OK"
2026-09-17 21:45:08,402 [INFO] httpx: HTTP Request: POST https://api.telegram.org/bot8697646564:AAEr7EU-tV5yTUAVl1FRpak_g6xXf9VDp14/getUpdates "HTTP/1.1 200 OK"
2026-09-17 21:45:33,557 [INFO] httpx: HTTP Request: POST https://api.telegram.org/bot8697646564:AAEr7EU-tV5yTUAVl1FRpak_g6xXf9VDp14/getUpdates "HTTP/1.1 200 OK"
2026-09-17 21:45:58,712 [INFO] httpx: HTTP Request: POST https://api.telegram.org/bot8697646564:AAEr7EU-tV5yTUAVl1FRpak_g6xXf9VDp14/getUpdates "HTTP/1.1 200 OK"
2026-09-17 21:46:23,865 [INFO] httpx: HTTP Request: POST https://api.telegram.org/bot8697646564:AAEr7EU-tV5yTUAVl1FRpak_g6xXf9VDp14/getUpdates "HTTP/1.1 200 OK"
2026-09-17 21:46:24,481 [INFO] app.auto_heal: auto-heal: cleaned stopped containers
2026-09-17 21:46:49,019 [INFO] httpx: HTTP Request: POST https://api.telegram.org/bot8697646564:AAEr7EU-tV5yTUAVl1FRpak_g6xXf9VDp14/getUpdates "HTTP/1.1 200 OK"
2026-09-17 21:47:14,173 [INFO] httpx: HTTP Request: POST https://api.telegram.org/bot8697646564:AAEr7EU-tV5yTUAVl1FRpak_g6xXf9VDp14/getUpdates "HTTP/1.1 200 OK"
2026-09-17 21:47:39,328 [INFO] httpx: HTTP Request: POST https://api.telegram.org/bot8697646564:AAEr7EU-tV5yTUAVl1FRpak_g6xXf9VDp14/getUpdates "HTTP/1.1 200 OK"
2026-09-17 21:48:04,483 [INFO] httpx: HTTP Request: POST https://api.telegram.org/bot8697646564:AAEr7EU-tV5yTUAVl1FRpak_g6xXf9VDp14/getUpdates "HTTP/1.1 200 OK"
2026-09-17 21:48:24,518 [INFO] app.auto_heal: auto-heal: cleaned stopped containers
2026-09-17 21:48:29,636 [INFO] httpx: HTTP Request: POST https://api.telegram.org/bot8697646564:AAEr7EU-tV5yTUAVl1FRpak_g6xXf9VDp14/getUpdates "HTTP/1.1 200 OK"
2026-09-17 21:48:54,790 [INFO] httpx: HTTP Request: POST https://api.telegram.org/bot8697646564:AAEr7EU-tV5yTUAVl1FRpak_g6xXf9VDp14/getUpdates "HTTP/1.1 200 OK"
2026-09-17 21:49:19,944 [INFO] httpx: HTTP Request: POST https://api.telegram.org/bot8697646564:AAEr7EU-tV5yTUAVl1FRpak_g6xXf9VDp14/getUpdates "HTTP/1.1 200 OK"
2026-09-17 21:49:45,097 [INFO] httpx: HTTP Request: POST https://api.telegram.org/bot8697646564:AAEr7EU-tV5yTUAVl1FRpak_g6xXf9VDp14/getUpdates "HTTP/1.1 200 OK"
2026-09-17 21:50:10,251 [INFO] httpx: HTTP Request: POST https://api.telegram.org/bot8697646564:AAEr7EU-tV5yTUAVl1FRpak_g6xXf9VDp14/getUpdates "HTTP/1.1 200 OK"
2026-09-17 21:50:24,553 [INFO] app.auto_heal: auto-heal: cleaned stopped containers
2026-09-17 21:50:35,405 [INFO] httpx: HTTP Request: POST https://api.telegram.org/bot8697646564:AAEr7EU-tV5yTUAVl1FRpak_g6xXf9VDp14/getUpdates "HTTP/1.1 200 OK"
2026-09-17 21:51:00,558 [INFO] httpx: HTTP Request: POST https://api.telegram.org/bot8697646564:AAEr7EU-tV5yTUAVl1FRpak_g6xXf9VDp14/getUpdates "HTTP/1.1 200 OK"
2026-09-17 21:51:25,711 [INFO] httpx: HTTP Request: POST https://api.telegram.org/bot8697646564:AAEr7EU-tV5yTUAVl1FRpak_g6xXf9VDp14/getUpdates "HTTP/1.1 200 OK"
2026-09-17 21:51:50,865 [INFO] httpx: HTTP Request: POST https://api.telegram.org/bot8697646564:AAEr7EU-tV5yTUAVl1FRpak_g6xXf9VDp14/getUpdates "HTTP/1.1 200 OK"
2026-09-17 21:52:16,019 [INFO] httpx: HTTP Request: POST https://api.telegram.org/bot8697646564:AAEr7EU-tV5yTUAVl1FRpak_g6xXf9VDp14/getUpdates "HTTP/1.1 200 OK"
2026-09-17 21:52:24,586 [INFO] app.auto_heal: auto-heal: cleaned stopped containers
2026-09-17 21:52:41,173 [INFO] httpx: HTTP Request: POST https://api.telegram.org/bot8697646564:AAEr7EU-tV5yTUAVl1FRpak_g6xXf9VDp14/getUpdates "HTTP/1.1 200 OK"
2026-09-17 21:53:06,320 [INFO] httpx: HTTP Request: POST https://api.telegram.org/bot8697646564:AAEr7EU-tV5yTUAVl1FRpak_g6xXf9VDp14/getUpdates "HTTP/1.1 200 OK"
2026-09-17 21:53:31,468 [INFO] httpx: HTTP Request: POST https://api.telegram.org/bot8697646564:AAEr7EU-tV5yTUAVl1FRpak_g6xXf9VDp14/getUpdates "HTTP/1.1 200 OK"
2026-09-17 21:53:56,616 [INFO] httpx: HTTP Request: POST https://api.telegram.org/bot8697646564:AAEr7EU-tV5yTUAVl1FRpak_g6xXf9VDp14/getUpdates "HTTP/1.1 200 OK"
2026-09-17 21:54:21,763 [INFO] httpx: HTTP Request: POST https://api.telegram.org/bot8697646564:AAEr7EU-tV5yTUAVl1FRpak_g6xXf9VDp14/getUpdates "HTTP/1.1 200 OK"
2026-09-17 21:54:24,625 [INFO] app.auto_heal: auto-heal: cleaned stopped containers
2026-09-17 21:54:46,911 [INFO] httpx: HTTP Request: POST https://api.telegram.org/bot8697646564:AAEr7EU-tV5yTUAVl1FRpak_g6xXf9VDp14/getUpdates "HTTP/1.1 200 OK"
2026-09-17 21:55:12,062 [INFO] httpx: HTTP Request: POST https://api.telegram.org/bot8697646564:AAEr7EU-tV5yTUAVl1FRpak_g6xXf9VDp14/getUpdates "HTTP/1.1 200 OK"
2026-09-17 21:55:37,210 [INFO] httpx: HTTP Request: POST https://api.telegram.org/bot8697646564:AAEr7EU-tV5yTUAVl1FRpak_g6xXf9VDp14/getUpdates "HTTP/1.1 200 OK"
2026-09-17 21:56:02,357 [INFO] httpx: HTTP Request: POST https://api.telegram.org/bot8697646564:AAEr7EU-tV5yTUAVl1FRpak_g6xXf9VDp14/getUpdates "HTTP/1.1 200 OK"
2026-09-17 21:56:24,658 [INFO] app.auto_heal: auto-heal: cleaned stopped containers
2026-09-17 21:56:27,505 [INFO] httpx: HTTP Request: POST https://api.telegram.org/bot8697646564:AAEr7EU-tV5yTUAVl1FRpak_g6xXf9VDp14/getUpdates "HTTP/1.1 200 OK"
2026-09-17 21:56:52,653 [INFO] httpx: HTTP Request: POST https://api.telegram.org/bot8697646564:AAEr7EU-tV5yTUAVl1FRpak_g6xXf9VDp14/getUpdates "HTTP/1.1 200 OK"
2026-09-17 21:57:17,802 [INFO] httpx: HTTP Request: POST https://api.telegram.org/bot8697646564:AAEr7EU-tV5yTUAVl1FRpak_g6xXf9VDp14/getUpdates "HTTP/1.1 200 OK"
2026-09-17 21:57:42,949 [INFO] httpx: HTTP Request: POST https://api.telegram.org/bot8697646564:AAEr7EU-tV5yTUAVl1FRpak_g6xXf9VDp14/getUpdates "HTTP/1.1 200 OK"
2026-09-17 21:58:08,097 [INFO] httpx: HTTP Request: POST https://api.telegram.org/bot8697646564:AAEr7EU-tV5yTUAVl1FRpak_g6xXf9VDp14/getUpdates "HTTP/1.1 200 OK"
2026-09-17 21:58:24,694 [INFO] app.auto_heal: auto-heal: cleaned stopped containers
2026-09-17 21:58:33,244 [INFO] httpx: HTTP Request: POST https://api.telegram.org/bot8697646564:AAEr7EU-tV5yTUAVl1FRpak_g6xXf9VDp14/getUpdates "HTTP/1.1 200 OK"
2026-09-17 21:58:58,392 [INFO] httpx: HTTP Request: POST https://api.telegram.org/bot8697646564:AAEr7EU-tV5yTUAVl1FRpak_g6xXf9VDp14/getUpdates "HTTP/1.1 200 OK"
2026-09-17 21:59:23,540 [INFO] httpx: HTTP Request: POST https://api.telegram.org/bot8697646564:AAEr7EU-tV5yTUAVl1FRpak_g6xXf9VDp14/getUpdates "HTTP/1.1 200 OK"
2026-09-17 21:59:48,687 [INFO] httpx: HTTP Request: POST https://api.telegram.org/bot8697646564:AAEr7EU-tV5yTUAVl1FRpak_g6xXf9VDp14/getUpdates "HTTP/1.1 200 OK"
2026-09-17 22:00:13,843 [INFO] httpx: HTTP Request: POST https://api.telegram.org/bot8697646564:AAEr7EU-tV5yTUAVl1FRpak_g6xXf9VDp14/getUpdates "HTTP/1.1 200 OK"
2026-09-17 22:00:24,730 [INFO] app.auto_heal: auto-heal: cleaned stopped containers
2026-09-17 22:00:38,997 [INFO] httpx: HTTP Request: POST https://api.telegram.org/bot8697646564:AAEr7EU-tV5yTUAVl1FRpak_g6xXf9VDp14/getUpdates "HTTP/1.1 200 OK"
2026-09-17 22:01:04,150 [INFO] httpx: HTTP Request: POST https://api.telegram.org/bot8697646564:AAEr7EU-tV5yTUAVl1FRpak_g6xXf9VDp14/getUpdates "HTTP/1.1 200 OK"
2026-09-17 22:01:29,304 [INFO] httpx: HTTP Request: POST https://api.telegram.org/bot8697646564:AAEr7EU-tV5yTUAVl1FRpak_g6xXf9VDp14/getUpdates "HTTP/1.1 200 OK"
2026-09-17 22:01:54,457 [INFO] httpx: HTTP Request: POST https://api.telegram.org/bot8697646564:AAEr7EU-tV5yTUAVl1FRpak_g6xXf9VDp14/getUpdates "HTTP/1.1 200 OK"
2026-09-17 22:02:19,611 [INFO] httpx: HTTP Request: POST https://api.telegram.org/bot8697646564:AAEr7EU-tV5yTUAVl1FRpak_g6xXf9VDp14/getUpdates "HTTP/1.1 200 OK"
2026-09-17 22:02:24,765 [INFO] app.auto_heal: auto-heal: cleaned stopped containers
2026-09-17 22:02:44,765 [INFO] httpx: HTTP Request: POST https://api.telegram.org/bot8697646564:AAEr7EU-tV5yTUAVl1FRpak_g6xXf9VDp14/getUpdates "HTTP/1.1 200 OK"
2026-09-17 22:03:09,919 [INFO] httpx: HTTP Request: POST https://api.telegram.org/bot8697646564:AAEr7EU-tV5yTUAVl1FRpak_g6xXf9VDp14/getUpdates "HTTP/1.1 200 OK"
2026-09-17 22:03:35,072 [INFO] httpx: HTTP Request: POST https://api.telegram.org/bot8697646564:AAEr7EU-tV5yTUAVl1FRpak_g6xXf9VDp14/getUpdates "HTTP/1.1 200 OK"
2026-09-17 22:04:00,226 [INFO] httpx: HTTP Request: POST https://api.telegram.org/bot8697646564:AAEr7EU-tV5yTUAVl1FRpak_g6xXf9VDp14/getUpdates "HTTP/1.1 200 OK"
2026-09-17 22:04:24,805 [INFO] app.auto_heal: auto-heal: cleaned stopped containers
2026-09-17 22:04:25,605 [INFO] httpx: HTTP Request: POST https://api.telegram.org/bot8697646564:AAEr7EU-tV5yTUAVl1FRpak_g6xXf9VDp14/getUpdates "HTTP/1.1 200 OK"
2026-09-17 22:04:50,759 [INFO] httpx: HTTP Request: POST https://api.telegram.org/bot8697646564:AAEr7EU-tV5yTUAVl1FRpak_g6xXf9VDp14/getUpdates "HTTP/1.1 200 OK"
2026-09-17 22:05:15,915 [INFO] httpx: HTTP Request: POST https://api.telegram.org/bot8697646564:AAEr7EU-tV5yTUAVl1FRpak_g6xXf9VDp14/getUpdates "HTTP/1.1 200 OK"
2026-09-17 22:05:41,069 [INFO] httpx: HTTP Request: POST https://api.telegram.org/bot8697646564:AAEr7EU-tV5yTUAVl1FRpak_g6xXf9VDp14/getUpdates "HTTP/1.1 200 OK"
2026-09-17 22:06:06,224 [INFO] httpx: HTTP Request: POST https://api.telegram.org/bot8697646564:AAEr7EU-tV5yTUAVl1FRpak_g6xXf9VDp14/getUpdates "HTTP/1.1 200 OK"
2026-09-17 22:06:24,840 [INFO] app.auto_heal: auto-heal: cleaned stopped containers
2026-09-17 22:06:31,378 [INFO] httpx: HTTP Request: POST https://api.telegram.org/bot8697646564:AAEr7EU-tV5yTUAVl1FRpak_g6xXf9VDp14/getUpdates "HTTP/1.1 200 OK"
2026-09-17 22:06:56,532 [INFO] httpx: HTTP Request: POST https://api.telegram.org/bot8697646564:AAEr7EU-tV5yTUAVl1FRpak_g6xXf9VDp14/getUpdates "HTTP/1.1 200 OK"
2026-09-17 22:07:21,686 [INFO] httpx: HTTP Request: POST https://api.telegram.org/bot8697646564:AAEr7EU-tV5yTUAVl1FRpak_g6xXf9VDp14/getUpdates "HTTP/1.1 200 OK"
2026-09-17 22:07:46,840 [INFO] httpx: HTTP Request: POST https://api.telegram.org/bot8697646564:AAEr7EU-tV5yTUAVl1FRpak_g6xXf9VDp14/getUpdates "HTTP/1.1 200 OK"
2026-09-17 22:08:11,994 [INFO] httpx: HTTP Request: POST https://api.telegram.org/bot8697646564:AAEr7EU-tV5yTUAVl1FRpak_g6xXf9VDp14/getUpdates "HTTP/1.1 200 OK"
2026-09-17 22:08:24,884 [INFO] app.auto_heal: auto-heal: cleaned stopped containers
2026-09-17 22:08:37,148 [INFO] httpx: HTTP Request: POST https://api.telegram.org/bot8697646564:AAEr7EU-tV5yTUAVl1FRpak_g6xXf9VDp14/getUpdates "HTTP/1.1 200 OK"
2026-09-17 22:09:02,302 [INFO] httpx: HTTP Request: POST https://api.telegram.org/bot8697646564:AAEr7EU-tV5yTUAVl1FRpak_g6xXf9VDp14/getUpdates "HTTP/1.1 200 OK"
2026-09-17 22:09:27,457 [INFO] httpx: HTTP Request: POST https://api.telegram.org/bot8697646564:AAEr7EU-tV5yTUAVl1FRpak_g6xXf9VDp14/getUpdates "HTTP/1.1 200 OK"
2026-09-17 22:09:52,612 [INFO] httpx: HTTP Request: POST https://api.telegram.org/bot8697646564:AAEr7EU-tV5yTUAVl1FRpak_g6xXf9VDp14/getUpdates "HTTP/1.1 200 OK"
2026-09-17 22:10:17,766 [INFO] httpx: HTTP Request: POST https://api.telegram.org/bot8697646564:AAEr7EU-tV5yTUAVl1FRpak_g6xXf9VDp14/getUpdates "HTTP/1.1 200 OK"
2026-09-17 22:10:24,926 [INFO] app.auto_heal: auto-heal: cleaned stopped containers
2026-09-17 22:10:42,921 [INFO] httpx: HTTP Request: POST https://api.telegram.org/bot8697646564:AAEr7EU-tV5yTUAVl1FRpak_g6xXf9VDp14/getUpdates "HTTP/1.1 200 OK"
2026-09-17 22:11:08,076 [INFO] httpx: HTTP Request: POST https://api.telegram.org/bot8697646564:AAEr7EU-tV5yTUAVl1FRpak_g6xXf9VDp14/getUpdates "HTTP/1.1 200 OK"
2026-09-17 22:11:33,223 [INFO] httpx: HTTP Request: POST https://api.telegram.org/bot8697646564:AAEr7EU-tV5yTUAVl1FRpak_g6xXf9VDp14/getUpdates "HTTP/1.1 200 OK"
2026-09-17 22:11:58,372 [INFO] httpx: HTTP Request: POST https://api.telegram.org/bot8697646564:AAEr7EU-tV5yTUAVl1FRpak_g6xXf9VDp14/getUpdates "HTTP/1.1 200 OK"
2026-09-17 22:12:23,519 [INFO] httpx: HTTP Request: POST https://api.telegram.org/bot8697646564:AAEr7EU-tV5yTUAVl1FRpak_g6xXf9VDp14/getUpdates "HTTP/1.1 200 OK"
2026-09-17 22:12:24,964 [INFO] app.auto_heal: auto-heal: cleaned stopped containers
2026-09-17 22:12:48,668 [INFO] httpx: HTTP Request: POST https://api.telegram.org/bot8697646564:AAEr7EU-tV5yTUAVl1FRpak_g6xXf9VDp14/getUpdates "HTTP/1.1 200 OK"
2026-09-17 22:13:13,816 [INFO] httpx: HTTP Request: POST https://api.telegram.org/bot8697646564:AAEr7EU-tV5yTUAVl1FRpak_g6xXf9VDp14/getUpdates "HTTP/1.1 200 OK"
2026-09-17 22:13:38,964 [INFO] httpx: HTTP Request: POST https://api.telegram.org/bot8697646564:AAEr7EU-tV5yTUAVl1FRpak_g6xXf9VDp14/getUpdates "HTTP/1.1 200 OK"
2026-09-17 22:14:04,112 [INFO] httpx: HTTP Request: POST https://api.telegram.org/bot8697646564:AAEr7EU-tV5yTUAVl1FRpak_g6xXf9VDp14/getUpdates "HTTP/1.1 200 OK"
2026-09-17 22:14:25,002 [INFO] app.auto_heal: auto-heal: cleaned stopped containers
2026-09-17 22:14:29,259 [INFO] httpx: HTTP Request: POST https://api.telegram.org/bot8697646564:AAEr7EU-tV5yTUAVl1FRpak_g6xXf9VDp14/getUpdates "HTTP/1.1 200 OK"
2026-09-17 22:14:54,407 [INFO] httpx: HTTP Request: POST https://api.telegram.org/bot8697646564:AAEr7EU-tV5yTUAVl1FRpak_g6xXf9VDp14/getUpdates "HTTP/1.1 200 OK"
2026-09-17 22:15:19,556 [INFO] httpx: HTTP Request: POST https://api.telegram.org/bot8697646564:AAEr7EU-tV5yTUAVl1FRpak_g6xXf9VDp14/getUpdates "HTTP/1.1 200 OK"
2026-09-17 22:15:44,705 [INFO] httpx: HTTP Request: POST https://api.telegram.org/bot8697646564:AAEr7EU-tV5yTUAVl1FRpak_g6xXf9VDp14/getUpdates "HTTP/1.1 200 OK"
2026-09-17 22:16:09,853 [INFO] httpx: HTTP Request: POST https://api.telegram.org/bot8697646564:AAEr7EU-tV5yTUAVl1FRpak_g6xXf9VDp14/getUpdates "HTTP/1.1 200 OK"
2026-09-17 22:16:25,038 [INFO] app.auto_heal: auto-heal: cleaned stopped containers
2026-09-17 22:16:35,000 [INFO] httpx: HTTP Request: POST https://api.telegram.org/bot8697646564:AAEr7EU-tV5yTUAVl1FRpak_g6xXf9VDp14/getUpdates "HTTP/1.1 200 OK"
2026-09-17 22:17:00,149 [INFO] httpx: HTTP Request: POST https://api.telegram.org/bot8697646564:AAEr7EU-tV5yTUAVl1FRpak_g6xXf9VDp14/getUpdates "HTTP/1.1 200 OK"
2026-09-17 22:17:25,296 [INFO] httpx: HTTP Request: POST https://api.telegram.org/bot8697646564:AAEr7EU-tV5yTUAVl1FRpak_g6xXf9VDp14/getUpdates "HTTP/1.1 200 OK"
2026-09-17 22:17:50,445 [INFO] httpx: HTTP Request: POST https://api.telegram.org/bot8697646564:AAEr7EU-tV5yTUAVl1FRpak_g6xXf9VDp14/getUpdates "HTTP/1.1 200 OK"
2026-09-17 22:18:15,594 [INFO] httpx: HTTP Request: POST https://api.telegram.org/bot8697646564:AAEr7EU-tV5yTUAVl1FRpak_g6xXf9VDp14/getUpdates "HTTP/1.1 200 OK"
2026-09-17 22:18:25,073 [INFO] app.auto_heal: auto-heal: cleaned stopped containers
2026-09-17 22:18:40,742 [INFO] httpx: HTTP Request: POST https://api.telegram.org/bot8697646564:AAEr7EU-tV5yTUAVl1FRpak_g6xXf9VDp14/getUpdates "HTTP/1.1 200 OK"
2026-09-17 22:19:05,890 [INFO] httpx: HTTP Request: POST https://api.telegram.org/bot8697646564:AAEr7EU-tV5yTUAVl1FRpak_g6xXf9VDp14/getUpdates "HTTP/1.1 200 OK"
2026-09-17 22:19:31,038 [INFO] httpx: HTTP Request: POST https://api.telegram.org/bot8697646564:AAEr7EU-tV5yTUAVl1FRpak_g6xXf9VDp14/getUpdates "HTTP/1.1 200 OK"
2026-09-17 22:19:56,186 [INFO] httpx: HTTP Request: POST https://api.telegram.org/bot8697646564:AAEr7EU-tV5yTUAVl1FRpak_g6xXf9VDp14/getUpdates "HTTP/1.1 200 OK"
2026-09-17 22:20:21,334 [INFO] httpx: HTTP Request: POST https://api.telegram.org/bot8697646564:AAEr7EU-tV5yTUAVl1FRpak_g6xXf9VDp14/getUpdates "HTTP/1.1 200 OK"
2026-09-17 22:20:25,109 [INFO] app.auto_heal: auto-heal: cleaned stopped containers
2026-09-17 22:20:46,481 [INFO] httpx: HTTP Request: POST https://api.telegram.org/bot8697646564:AAEr7EU-tV5yTUAVl1FRpak_g6xXf9VDp14/getUpdates "HTTP/1.1 200 OK"
2026-09-17 22:21:11,630 [INFO] httpx: HTTP Request: POST https://api.telegram.org/bot8697646564:AAEr7EU-tV5yTUAVl1FRpak_g6xXf9VDp14/getUpdates "HTTP/1.1 200 OK"
2026-09-17 22:21:36,777 [INFO] httpx: HTTP Request: POST https://api.telegram.org/bot8697646564:AAEr7EU-tV5yTUAVl1FRpak_g6xXf9VDp14/getUpdates "HTTP/1.1 200 OK"
2026-09-17 22:22:01,926 [INFO] httpx: HTTP Request: POST https://api.telegram.org/bot8697646564:AAEr7EU-tV5yTUAVl1FRpak_g6xXf9VDp14/getUpdates "HTTP/1.1 200 OK"
2026-09-17 22:22:25,150 [INFO] app.auto_heal: auto-heal: cleaned stopped containers
2026-09-17 22:22:27,074 [INFO] httpx: HTTP Request: POST https://api.telegram.org/bot8697646564:AAEr7EU-tV5yTUAVl1FRpak_g6xXf9VDp14/getUpdates "HTTP/1.1 200 OK"
2026-09-17 22:22:52,222 [INFO] httpx: HTTP Request: POST https://api.telegram.org/bot8697646564:AAEr7EU-tV5yTUAVl1FRpak_g6xXf9VDp14/getUpdates "HTTP/1.1 200 OK"
2026-09-17 22:23:17,371 [INFO] httpx: HTTP Request: POST https://api.telegram.org/bot8697646564:AAEr7EU-tV5yTUAVl1FRpak_g6xXf9VDp14/getUpdates "HTTP/1.1 200 OK"
2026-09-17 22:23:42,520 [INFO] httpx: HTTP Request: POST https://api.telegram.org/bot8697646564:AAEr7EU-tV5yTUAVl1FRpak_g6xXf9VDp14/getUpdates "HTTP/1.1 200 OK"
2026-09-17 22:24:07,667 [INFO] httpx: HTTP Request: POST https://api.telegram.org/bot8697646564:AAEr7EU-tV5yTUAVl1FRpak_g6xXf9VDp14/getUpdates "HTTP/1.1 200 OK"
2026-09-17 22:24:25,187 [INFO] app.auto_heal: auto-heal: cleaned stopped containers
2026-09-17 22:24:32,815 [INFO] httpx: HTTP Request: POST https://api.telegram.org/bot8697646564:AAEr7EU-tV5yTUAVl1FRpak_g6xXf9VDp14/getUpdates "HTTP/1.1 200 OK"
2026-09-17 22:24:57,963 [INFO] httpx: HTTP Request: POST https://api.telegram.org/bot8697646564:AAEr7EU-tV5yTUAVl1FRpak_g6xXf9VDp14/getUpdates "HTTP/1.1 200 OK"
2026-09-17 22:25:23,110 [INFO] httpx: HTTP Request: POST https://api.telegram.org/bot8697646564:AAEr7EU-tV5yTUAVl1FRpak_g6xXf9VDp14/getUpdates "HTTP/1.1 200 OK"
2026-09-17 22:25:48,259 [INFO] httpx: HTTP Request: POST https://api.telegram.org/bot8697646564:AAEr7EU-tV5yTUAVl1FRpak_g6xXf9VDp14/getUpdates "HTTP/1.1 200 OK"
2026-09-17 22:26:13,407 [INFO] httpx: HTTP Request: POST https://api.telegram.org/bot8697646564:AAEr7EU-tV5yTUAVl1FRpak_g6xXf9VDp14/getUpdates "HTTP/1.1 200 OK"
2026-09-17 22:26:25,226 [INFO] app.auto_heal: auto-heal: cleaned stopped containers
2026-09-17 22:26:38,555 [INFO] httpx: HTTP Request: POST https://api.telegram.org/bot8697646564:AAEr7EU-tV5yTUAVl1FRpak_g6xXf9VDp14/getUpdates "HTTP/1.1 200 OK"
2026-09-17 22:27:03,703 [INFO] httpx: HTTP Request: POST https://api.telegram.org/bot8697646564:AAEr7EU-tV5yTUAVl1FRpak_g6xXf9VDp14/getUpdates "HTTP/1.1 200 OK"
2026-09-17 22:27:28,851 [INFO] httpx: HTTP Request: POST https://api.telegram.org/bot8697646564:AAEr7EU-tV5yTUAVl1FRpak_g6xXf9VDp14/getUpdates "HTTP/1.1 200 OK"
2026-09-17 22:27:54,356 [INFO] httpx: HTTP Request: POST https://api.telegram.org/bot8697646564:AAEr7EU-tV5yTUAVl1FRpak_g6xXf9VDp14/getUpdates "HTTP/1.1 200 OK"
2026-09-17 22:28:19,503 [INFO] httpx: HTTP Request: POST https://api.telegram.org/bot8697646564:AAEr7EU-tV5yTUAVl1FRpak_g6xXf9VDp14/getUpdates "HTTP/1.1 200 OK"
2026-09-17 22:28:25,265 [INFO] app.auto_heal: auto-heal: cleaned stopped containers
2026-09-17 22:28:44,648 [INFO] httpx: HTTP Request: POST https://api.telegram.org/bot8697646564:AAEr7EU-tV5yTUAVl1FRpak_g6xXf9VDp14/getUpdates "HTTP/1.1 200 OK"
2026-09-17 22:29:09,794 [INFO] httpx: HTTP Request: POST https://api.telegram.org/bot8697646564:AAEr7EU-tV5yTUAVl1FRpak_g6xXf9VDp14/getUpdates "HTTP/1.1 200 OK"
2026-09-17 22:29:34,940 [INFO] httpx: HTTP Request: POST https://api.telegram.org/bot8697646564:AAEr7EU-tV5yTUAVl1FRpak_g6xXf9VDp14/getUpdates "HTTP/1.1 200 OK"
2026-09-17 22:30:00,088 [INFO] httpx: HTTP Request: POST https://api.telegram.org/bot8697646564:AAEr7EU-tV5yTUAVl1FRpak_g6xXf9VDp14/getUpdates "HTTP/1.1 200 OK"
2026-09-17 22:30:25,235 [INFO] httpx: HTTP Request: POST https://api.telegram.org/bot8697646564:AAEr7EU-tV5yTUAVl1FRpak_g6xXf9VDp14/getUpdates "HTTP/1.1 200 OK"
2026-09-17 22:30:25,302 [INFO] app.auto_heal: auto-heal: cleaned stopped containers
2026-09-17 22:30:50,383 [INFO] httpx: HTTP Request: POST https://api.telegram.org/bot8697646564:AAEr7EU-tV5yTUAVl1FRpak_g6xXf9VDp14/getUpdates "HTTP/1.1 200 OK"
2026-09-17 22:31:15,532 [INFO] httpx: HTTP Request: POST https://api.telegram.org/bot8697646564:AAEr7EU-tV5yTUAVl1FRpak_g6xXf9VDp14/getUpdates "HTTP/1.1 200 OK"
2026-09-17 22:31:40,678 [INFO] httpx: HTTP Request: POST https://api.telegram.org/bot8697646564:AAEr7EU-tV5yTUAVl1FRpak_g6xXf9VDp14/getUpdates "HTTP/1.1 200 OK"
2026-09-17 22:32:05,826 [INFO] httpx: HTTP Request: POST https://api.telegram.org/bot8697646564:AAEr7EU-tV5yTUAVl1FRpak_g6xXf9VDp14/getUpdates "HTTP/1.1 200 OK"
2026-09-17 22:32:25,338 [INFO] app.auto_heal: auto-heal: cleaned stopped containers
2026-09-17 22:32:30,973 [INFO] httpx: HTTP Request: POST https://api.telegram.org/bot8697646564:AAEr7EU-tV5yTUAVl1FRpak_g6xXf9VDp14/getUpdates "HTTP/1.1 200 OK"
2026-09-17 22:32:56,121 [INFO] httpx: HTTP Request: POST https://api.telegram.org/bot8697646564:AAEr7EU-tV5yTUAVl1FRpak_g6xXf9VDp14/getUpdates "HTTP/1.1 200 OK"
2026-09-17 22:33:21,269 [INFO] httpx: HTTP Request: POST https://api.telegram.org/bot8697646564:AAEr7EU-tV5yTUAVl1FRpak_g6xXf9VDp14/getUpdates "HTTP/1.1 200 OK"
2026-09-17 22:33:46,416 [INFO] httpx: HTTP Request: POST https://api.telegram.org/bot8697646564:AAEr7EU-tV5yTUAVl1FRpak_g6xXf9VDp14/getUpdates "HTTP/1.1 200 OK"
2026-09-17 22:34:11,564 [INFO] httpx: HTTP Request: POST https://api.telegram.org/bot8697646564:AAEr7EU-tV5yTUAVl1FRpak_g6xXf9VDp14/getUpdates "HTTP/1.1 200 OK"
2026-09-17 22:34:25,377 [INFO] app.auto_heal: auto-heal: cleaned stopped containers
2026-09-17 22:34:36,711 [INFO] httpx: HTTP Request: POST https://api.telegram.org/bot8697646564:AAEr7EU-tV5yTUAVl1FRpak_g6xXf9VDp14/getUpdates "HTTP/1.1 200 OK"
2026-09-17 22:35:01,860 [INFO] httpx: HTTP Request: POST https://api.telegram.org/bot8697646564:AAEr7EU-tV5yTUAVl1FRpak_g6xXf9VDp14/getUpdates "HTTP/1.1 200 OK"
2026-09-17 22:35:27,006 [INFO] httpx: HTTP Request: POST https://api.telegram.org/bot8697646564:AAEr7EU-tV5yTUAVl1FRpak_g6xXf9VDp14/getUpdates "HTTP/1.1 200 OK"
2026-09-17 22:35:52,153 [INFO] httpx: HTTP Request: POST https://api.telegram.org/bot8697646564:AAEr7EU-tV5yTUAVl1FRpak_g6xXf9VDp14/getUpdates "HTTP/1.1 200 OK"
2026-09-17 22:36:17,301 [INFO] httpx: HTTP Request: POST https://api.telegram.org/bot8697646564:AAEr7EU-tV5yTUAVl1FRpak_g6xXf9VDp14/getUpdates "HTTP/1.1 200 OK"
2026-09-17 22:36:25,418 [INFO] app.auto_heal: auto-heal: cleaned stopped containers
2026-09-17 22:36:42,448 [INFO] httpx: HTTP Request: POST https://api.telegram.org/bot8697646564:AAEr7EU-tV5yTUAVl1FRpak_g6xXf9VDp14/getUpdates "HTTP/1.1 200 OK"
2026-09-17 22:37:07,594 [INFO] httpx: HTTP Request: POST https://api.telegram.org/bot8697646564:AAEr7EU-tV5yTUAVl1FRpak_g6xXf9VDp14/getUpdates "HTTP/1.1 200 OK"
2026-09-17 22:37:32,742 [INFO] httpx: HTTP Request: POST https://api.telegram.org/bot8697646564:AAEr7EU-tV5yTUAVl1FRpak_g6xXf9VDp14/getUpdates "HTTP/1.1 200 OK"
2026-09-17 22:37:57,890 [INFO] httpx: HTTP Request: POST https://api.telegram.org/bot8697646564:AAEr7EU-tV5yTUAVl1FRpak_g6xXf9VDp14/getUpdates "HTTP/1.1 200 OK"
2026-09-17 22:38:23,036 [INFO] httpx: HTTP Request: POST https://api.telegram.org/bot8697646564:AAEr7EU-tV5yTUAVl1FRpak_g6xXf9VDp14/getUpdates "HTTP/1.1 200 OK"
2026-09-17 22:38:25,451 [INFO] app.auto_heal: auto-heal: cleaned stopped containers
2026-09-17 22:38:48,183 [INFO] httpx: HTTP Request: POST https://api.telegram.org/bot8697646564:AAEr7EU-tV5yTUAVl1FRpak_g6xXf9VDp14/getUpdates "HTTP/1.1 200 OK"
2026-09-17 22:39:13,330 [INFO] httpx: HTTP Request: POST https://api.telegram.org/bot8697646564:AAEr7EU-tV5yTUAVl1FRpak_g6xXf9VDp14/getUpdates "HTTP/1.1 200 OK"
2026-09-17 22:39:38,476 [INFO] httpx: HTTP Request: POST https://api.telegram.org/bot8697646564:AAEr7EU-tV5yTUAVl1FRpak_g6xXf9VDp14/getUpdates "HTTP/1.1 200 OK"
2026-09-17 22:40:03,622 [INFO] httpx: HTTP Request: POST https://api.telegram.org/bot8697646564:AAEr7EU-tV5yTUAVl1FRpak_g6xXf9VDp14/getUpdates "HTTP/1.1 200 OK"
2026-09-17 22:40:25,485 [INFO] app.auto_heal: auto-heal: cleaned stopped containers
2026-09-17 22:40:28,768 [INFO] httpx: HTTP Request: POST https://api.telegram.org/bot8697646564:AAEr7EU-tV5yTUAVl1FRpak_g6xXf9VDp14/getUpdates "HTTP/1.1 200 OK"
2026-09-17 22:40:53,913 [INFO] httpx: HTTP Request: POST https://api.telegram.org/bot8697646564:AAEr7EU-tV5yTUAVl1FRpak_g6xXf9VDp14/getUpdates "HTTP/1.1 200 OK"
2026-09-17 22:41:19,060 [INFO] httpx: HTTP Request: POST https://api.telegram.org/bot8697646564:AAEr7EU-tV5yTUAVl1FRpak_g6xXf9VDp14/getUpdates "HTTP/1.1 200 OK"
2026-09-17 22:41:44,207 [INFO] httpx: HTTP Request: POST https://api.telegram.org/bot8697646564:AAEr7EU-tV5yTUAVl1FRpak_g6xXf9VDp14/getUpdates "HTTP/1.1 200 OK"
2026-09-17 22:42:09,355 [INFO] httpx: HTTP Request: POST https://api.telegram.org/bot8697646564:AAEr7EU-tV5yTUAVl1FRpak_g6xXf9VDp14/getUpdates "HTTP/1.1 200 OK"
2026-09-17 22:42:25,522 [INFO] app.auto_heal: auto-heal: cleaned stopped containers
2026-09-17 22:42:34,502 [INFO] httpx: HTTP Request: POST https://api.telegram.org/bot8697646564:AAEr7EU-tV5yTUAVl1FRpak_g6xXf9VDp14/getUpdates "HTTP/1.1 200 OK"
2026-09-17 22:42:59,649 [INFO] httpx: HTTP Request: POST https://api.telegram.org/bot8697646564:AAEr7EU-tV5yTUAVl1FRpak_g6xXf9VDp14/getUpdates "HTTP/1.1 200 OK"
2026-09-17 22:43:24,796 [INFO] httpx: HTTP Request: POST https://api.telegram.org/bot8697646564:AAEr7EU-tV5yTUAVl1FRpak_g6xXf9VDp14/getUpdates "HTTP/1.1 200 OK"
2026-09-17 22:43:49,944 [INFO] httpx: HTTP Request: POST https://api.telegram.org/bot8697646564:AAEr7EU-tV5yTUAVl1FRpak_g6xXf9VDp14/getUpdates "HTTP/1.1 200 OK"
2026-09-17 22:44:15,091 [INFO] httpx: HTTP Request: POST https://api.telegram.org/bot8697646564:AAEr7EU-tV5yTUAVl1FRpak_g6xXf9VDp14/getUpdates "HTTP/1.1 200 OK"
2026-09-17 22:44:25,555 [INFO] app.auto_heal: auto-heal: cleaned stopped containers
2026-09-17 22:44:40,239 [INFO] httpx: HTTP Request: POST https://api.telegram.org/bot8697646564:AAEr7EU-tV5yTUAVl1FRpak_g6xXf9VDp14/getUpdates "HTTP/1.1 200 OK"
2026-09-17 22:45:05,386 [INFO] httpx: HTTP Request: POST https://api.telegram.org/bot8697646564:AAEr7EU-tV5yTUAVl1FRpak_g6xXf9VDp14/getUpdates "HTTP/1.1 200 OK"
2026-09-17 22:45:30,535 [INFO] httpx: HTTP Request: POST https://api.telegram.org/bot8697646564:AAEr7EU-tV5yTUAVl1FRpak_g6xXf9VDp14/getUpdates "HTTP/1.1 200 OK"
2026-09-17 22:45:55,682 [INFO] httpx: HTTP Request: POST https://api.telegram.org/bot8697646564:AAEr7EU-tV5yTUAVl1FRpak_g6xXf9VDp14/getUpdates "HTTP/1.1 200 OK"
2026-09-17 22:46:20,831 [INFO] httpx: HTTP Request: POST https://api.telegram.org/bot8697646564:AAEr7EU-tV5yTUAVl1FRpak_g6xXf9VDp14/getUpdates "HTTP/1.1 200 OK"
2026-09-17 22:46:25,593 [INFO] app.auto_heal: auto-heal: cleaned stopped containers
2026-09-17 22:46:45,979 [INFO] httpx: HTTP Request: POST https://api.telegram.org/bot8697646564:AAEr7EU-tV5yTUAVl1FRpak_g6xXf9VDp14/getUpdates "HTTP/1.1 200 OK"
2026-09-17 22:47:11,126 [INFO] httpx: HTTP Request: POST https://api.telegram.org/bot8697646564:AAEr7EU-tV5yTUAVl1FRpak_g6xXf9VDp14/getUpdates "HTTP/1.1 200 OK"
2026-09-17 22:47:36,273 [INFO] httpx: HTTP Request: POST https://api.telegram.org/bot8697646564:AAEr7EU-tV5yTUAVl1FRpak_g6xXf9VDp14/getUpdates "HTTP/1.1 200 OK"
2026-09-17 22:48:01,418 [INFO] httpx: HTTP Request: POST https://api.telegram.org/bot8697646564:AAEr7EU-tV5yTUAVl1FRpak_g6xXf9VDp14/getUpdates "HTTP/1.1 200 OK"
2026-09-17 22:48:25,629 [INFO] app.auto_heal: auto-heal: cleaned stopped containers
2026-09-17 22:48:26,563 [INFO] httpx: HTTP Request: POST https://api.telegram.org/bot8697646564:AAEr7EU-tV5yTUAVl1FRpak_g6xXf9VDp14/getUpdates "HTTP/1.1 200 OK"
2026-09-17 22:48:51,709 [INFO] httpx: HTTP Request: POST https://api.telegram.org/bot8697646564:AAEr7EU-tV5yTUAVl1FRpak_g6xXf9VDp14/getUpdates "HTTP/1.1 200 OK"
2026-09-17 22:49:16,854 [INFO] httpx: HTTP Request: POST https://api.telegram.org/bot8697646564:AAEr7EU-tV5yTUAVl1FRpak_g6xXf9VDp14/getUpdates "HTTP/1.1 200 OK"
2026-09-17 22:49:41,999 [INFO] httpx: HTTP Request: POST https://api.telegram.org/bot8697646564:AAEr7EU-tV5yTUAVl1FRpak_g6xXf9VDp14/getUpdates "HTTP/1.1 200 OK"
2026-09-17 22:50:07,144 [INFO] httpx: HTTP Request: POST https://api.telegram.org/bot8697646564:AAEr7EU-tV5yTUAVl1FRpak_g6xXf9VDp14/getUpdates "HTTP/1.1 200 OK"
2026-09-17 22:50:25,665 [INFO] app.auto_heal: auto-heal: cleaned stopped containers
2026-09-17 22:50:32,293 [INFO] httpx: HTTP Request: POST https://api.telegram.org/bot8697646564:AAEr7EU-tV5yTUAVl1FRpak_g6xXf9VDp14/getUpdates "HTTP/1.1 200 OK"
2026-09-17 22:50:57,440 [INFO] httpx: HTTP Request: POST https://api.telegram.org/bot8697646564:AAEr7EU-tV5yTUAVl1FRpak_g6xXf9VDp14/getUpdates "HTTP/1.1 200 OK"
2026-09-17 22:51:22,588 [INFO] httpx: HTTP Request: POST https://api.telegram.org/bot8697646564:AAEr7EU-tV5yTUAVl1FRpak_g6xXf9VDp14/getUpdates "HTTP/1.1 200 OK"
2026-09-17 22:51:47,734 [INFO] httpx: HTTP Request: POST https://api.telegram.org/bot8697646564:AAEr7EU-tV5yTUAVl1FRpak_g6xXf9VDp14/getUpdates "HTTP/1.1 200 OK"
2026-09-17 22:52:12,882 [INFO] httpx: HTTP Request: POST https://api.telegram.org/bot8697646564:AAEr7EU-tV5yTUAVl1FRpak_g6xXf9VDp14/getUpdates "HTTP/1.1 200 OK"
2026-09-17 22:52:25,702 [INFO] app.auto_heal: auto-heal: cleaned stopped containers
2026-09-17 22:52:38,029 [INFO] httpx: HTTP Request: POST https://api.telegram.org/bot8697646564:AAEr7EU-tV5yTUAVl1FRpak_g6xXf9VDp14/getUpdates "HTTP/1.1 200 OK"
2026-09-17 22:53:03,188 [INFO] httpx: HTTP Request: POST https://api.telegram.org/bot8697646564:AAEr7EU-tV5yTUAVl1FRpak_g6xXf9VDp14/getUpdates "HTTP/1.1 200 OK"
2026-09-17 22:53:28,336 [INFO] httpx: HTTP Request: POST https://api.telegram.org/bot8697646564:AAEr7EU-tV5yTUAVl1FRpak_g6xXf9VDp14/getUpdates "HTTP/1.1 200 OK"
2026-09-17 22:53:53,483 [INFO] httpx: HTTP Request: POST https://api.telegram.org/bot8697646564:AAEr7EU-tV5yTUAVl1FRpak_g6xXf9VDp14/getUpdates "HTTP/1.1 200 OK"
2026-09-17 22:54:18,629 [INFO] httpx: HTTP Request: POST https://api.telegram.org/bot8697646564:AAEr7EU-tV5yTUAVl1FRpak_g6xXf9VDp14/getUpdates "HTTP/1.1 200 OK"
2026-09-17 22:54:25,738 [INFO] app.auto_heal: auto-heal: cleaned stopped containers
2026-09-17 22:54:43,777 [INFO] httpx: HTTP Request: POST https://api.telegram.org/bot8697646564:AAEr7EU-tV5yTUAVl1FRpak_g6xXf9VDp14/getUpdates "HTTP/1.1 200 OK"
2026-09-17 22:55:08,926 [INFO] httpx: HTTP Request: POST https://api.telegram.org/bot8697646564:AAEr7EU-tV5yTUAVl1FRpak_g6xXf9VDp14/getUpdates "HTTP/1.1 200 OK"
2026-09-17 22:55:34,074 [INFO] httpx: HTTP Request: POST https://api.telegram.org/bot8697646564:AAEr7EU-tV5yTUAVl1FRpak_g6xXf9VDp14/getUpdates "HTTP/1.1 200 OK"
2026-09-17 22:55:59,224 [INFO] httpx: HTTP Request: POST https://api.telegram.org/bot8697646564:AAEr7EU-tV5yTUAVl1FRpak_g6xXf9VDp14/getUpdates "HTTP/1.1 200 OK"
2026-09-17 22:56:24,373 [INFO] httpx: HTTP Request: POST https://api.telegram.org/bot8697646564:AAEr7EU-tV5yTUAVl1FRpak_g6xXf9VDp14/getUpdates "HTTP/1.1 200 OK"
2026-09-17 22:56:25,769 [INFO] app.auto_heal: auto-heal: cleaned stopped containers
2026-09-17 22:56:49,520 [INFO] httpx: HTTP Request: POST https://api.telegram.org/bot8697646564:AAEr7EU-tV5yTUAVl1FRpak_g6xXf9VDp14/getUpdates "HTTP/1.1 200 OK"
2026-09-17 22:57:14,666 [INFO] httpx: HTTP Request: POST https://api.telegram.org/bot8697646564:AAEr7EU-tV5yTUAVl1FRpak_g6xXf9VDp14/getUpdates "HTTP/1.1 200 OK"
2026-09-17 22:57:39,813 [INFO] httpx: HTTP Request: POST https://api.telegram.org/bot8697646564:AAEr7EU-tV5yTUAVl1FRpak_g6xXf9VDp14/getUpdates "HTTP/1.1 200 OK"
2026-09-17 22:58:04,960 [INFO] httpx: HTTP Request: POST https://api.telegram.org/bot8697646564:AAEr7EU-tV5yTUAVl1FRpak_g6xXf9VDp14/getUpdates "HTTP/1.1 200 OK"
2026-09-17 22:58:25,811 [INFO] app.auto_heal: auto-heal: cleaned stopped containers
2026-09-17 22:58:30,107 [INFO] httpx: HTTP Request: POST https://api.telegram.org/bot8697646564:AAEr7EU-tV5yTUAVl1FRpak_g6xXf9VDp14/getUpdates "HTTP/1.1 200 OK"
2026-09-17 22:58:55,255 [INFO] httpx: HTTP Request: POST https://api.telegram.org/bot8697646564:AAEr7EU-tV5yTUAVl1FRpak_g6xXf9VDp14/getUpdates "HTTP/1.1 200 OK"
2026-09-17 22:59:20,408 [INFO] httpx: HTTP Request: POST https://api.telegram.org/bot8697646564:AAEr7EU-tV5yTUAVl1FRpak_g6xXf9VDp14/getUpdates "HTTP/1.1 200 OK"
2026-09-17 22:59:45,558 [INFO] httpx: HTTP Request: POST https://api.telegram.org/bot8697646564:AAEr7EU-tV5yTUAVl1FRpak_g6xXf9VDp14/getUpdates "HTTP/1.1 200 OK"
2026-09-17 23:00:10,703 [INFO] httpx: HTTP Request: POST https://api.telegram.org/bot8697646564:AAEr7EU-tV5yTUAVl1FRpak_g6xXf9VDp14/getUpdates "HTTP/1.1 200 OK"
2026-09-17 23:00:25,846 [INFO] app.auto_heal: auto-heal: cleaned stopped containers
2026-09-17 23:00:35,849 [INFO] httpx: HTTP Request: POST https://api.telegram.org/bot8697646564:AAEr7EU-tV5yTUAVl1FRpak_g6xXf9VDp14/getUpdates "HTTP/1.1 200 OK"
2026-09-17 23:01:00,994 [INFO] httpx: HTTP Request: POST https://api.telegram.org/bot8697646564:AAEr7EU-tV5yTUAVl1FRpak_g6xXf9VDp14/getUpdates "HTTP/1.1 200 OK"
2026-09-17 23:01:26,139 [INFO] httpx: HTTP Request: POST https://api.telegram.org/bot8697646564:AAEr7EU-tV5yTUAVl1FRpak_g6xXf9VDp14/getUpdates "HTTP/1.1 200 OK"
2026-09-17 23:01:51,285 [INFO] httpx: HTTP Request: POST https://api.telegram.org/bot8697646564:AAEr7EU-tV5yTUAVl1FRpak_g6xXf9VDp14/getUpdates "HTTP/1.1 200 OK"
2026-09-17 23:02:16,430 [INFO] httpx: HTTP Request: POST https://api.telegram.org/bot8697646564:AAEr7EU-tV5yTUAVl1FRpak_g6xXf9VDp14/getUpdates "HTTP/1.1 200 OK"
2026-09-17 23:02:25,880 [INFO] app.auto_heal: auto-heal: cleaned stopped containers
2026-09-17 23:02:41,590 [INFO] httpx: HTTP Request: POST https://api.telegram.org/bot8697646564:AAEr7EU-tV5yTUAVl1FRpak_g6xXf9VDp14/getUpdates "HTTP/1.1 200 OK"
2026-09-17 23:03:06,737 [INFO] httpx: HTTP Request: POST https://api.telegram.org/bot8697646564:AAEr7EU-tV5yTUAVl1FRpak_g6xXf9VDp14/getUpdates "HTTP/1.1 200 OK"
2026-09-17 23:03:31,882 [INFO] httpx: HTTP Request: POST https://api.telegram.org/bot8697646564:AAEr7EU-tV5yTUAVl1FRpak_g6xXf9VDp14/getUpdates "HTTP/1.1 200 OK"
2026-09-17 23:03:57,029 [INFO] httpx: HTTP Request: POST https://api.telegram.org/bot8697646564:AAEr7EU-tV5yTUAVl1FRpak_g6xXf9VDp14/getUpdates "HTTP/1.1 200 OK"
2026-09-17 23:04:22,175 [INFO] httpx: HTTP Request: POST https://api.telegram.org/bot8697646564:AAEr7EU-tV5yTUAVl1FRpak_g6xXf9VDp14/getUpdates "HTTP/1.1 200 OK"
2026-09-17 23:04:25,917 [INFO] app.auto_heal: auto-heal: cleaned stopped containers
2026-09-17 23:04:47,321 [INFO] httpx: HTTP Request: POST https://api.telegram.org/bot8697646564:AAEr7EU-tV5yTUAVl1FRpak_g6xXf9VDp14/getUpdates "HTTP/1.1 200 OK"
2026-09-17 23:05:12,466 [INFO] httpx: HTTP Request: POST https://api.telegram.org/bot8697646564:AAEr7EU-tV5yTUAVl1FRpak_g6xXf9VDp14/getUpdates "HTTP/1.1 200 OK"
2026-09-17 23:05:37,611 [INFO] httpx: HTTP Request: POST https://api.telegram.org/bot8697646564:AAEr7EU-tV5yTUAVl1FRpak_g6xXf9VDp14/getUpdates "HTTP/1.1 200 OK"
2026-09-17 23:06:02,757 [INFO] httpx: HTTP Request: POST https://api.telegram.org/bot8697646564:AAEr7EU-tV5yTUAVl1FRpak_g6xXf9VDp14/getUpdates "HTTP/1.1 200 OK"
2026-09-17 23:06:25,957 [INFO] app.auto_heal: auto-heal: cleaned stopped containers
2026-09-17 23:06:27,902 [INFO] httpx: HTTP Request: POST https://api.telegram.org/bot8697646564:AAEr7EU-tV5yTUAVl1FRpak_g6xXf9VDp14/getUpdates "HTTP/1.1 200 OK"
2026-09-17 23:06:53,047 [INFO] httpx: HTTP Request: POST https://api.telegram.org/bot8697646564:AAEr7EU-tV5yTUAVl1FRpak_g6xXf9VDp14/getUpdates "HTTP/1.1 200 OK"
2026-09-17 23:07:18,192 [INFO] httpx: HTTP Request: POST https://api.telegram.org/bot8697646564:AAEr7EU-tV5yTUAVl1FRpak_g6xXf9VDp14/getUpdates "HTTP/1.1 200 OK"
2026-09-17 23:07:43,339 [INFO] httpx: HTTP Request: POST https://api.telegram.org/bot8697646564:AAEr7EU-tV5yTUAVl1FRpak_g6xXf9VDp14/getUpdates "HTTP/1.1 200 OK"
2026-09-17 23:08:08,483 [INFO] httpx: HTTP Request: POST https://api.telegram.org/bot8697646564:AAEr7EU-tV5yTUAVl1FRpak_g6xXf9VDp14/getUpdates "HTTP/1.1 200 OK"
2026-09-17 23:08:25,989 [INFO] app.auto_heal: auto-heal: cleaned stopped containers
2026-09-17 23:08:33,628 [INFO] httpx: HTTP Request: POST https://api.telegram.org/bot8697646564:AAEr7EU-tV5yTUAVl1FRpak_g6xXf9VDp14/getUpdates "HTTP/1.1 200 OK"
2026-09-17 23:08:58,774 [INFO] httpx: HTTP Request: POST https://api.telegram.org/bot8697646564:AAEr7EU-tV5yTUAVl1FRpak_g6xXf9VDp14/getUpdates "HTTP/1.1 200 OK"
2026-09-17 23:09:23,919 [INFO] httpx: HTTP Request: POST https://api.telegram.org/bot8697646564:AAEr7EU-tV5yTUAVl1FRpak_g6xXf9VDp14/getUpdates "HTTP/1.1 200 OK"
2026-09-17 23:09:49,065 [INFO] httpx: HTTP Request: POST https://api.telegram.org/bot8697646564:AAEr7EU-tV5yTUAVl1FRpak_g6xXf9VDp14/getUpdates "HTTP/1.1 200 OK"
2026-09-17 23:10:14,210 [INFO] httpx: HTTP Request: POST https://api.telegram.org/bot8697646564:AAEr7EU-tV5yTUAVl1FRpak_g6xXf9VDp14/getUpdates "HTTP/1.1 200 OK"
2026-09-17 23:10:26,026 [INFO] app.auto_heal: auto-heal: cleaned stopped containers
2026-09-17 23:10:39,357 [INFO] httpx: HTTP Request: POST https://api.telegram.org/bot8697646564:AAEr7EU-tV5yTUAVl1FRpak_g6xXf9VDp14/getUpdates "HTTP/1.1 200 OK"
2026-09-17 23:11:04,503 [INFO] httpx: HTTP Request: POST https://api.telegram.org/bot8697646564:AAEr7EU-tV5yTUAVl1FRpak_g6xXf9VDp14/getUpdates "HTTP/1.1 200 OK"
2026-09-17 23:11:29,649 [INFO] httpx: HTTP Request: POST https://api.telegram.org/bot8697646564:AAEr7EU-tV5yTUAVl1FRpak_g6xXf9VDp14/getUpdates "HTTP/1.1 200 OK"
2026-09-17 23:11:54,794 [INFO] httpx: HTTP Request: POST https://api.telegram.org/bot8697646564:AAEr7EU-tV5yTUAVl1FRpak_g6xXf9VDp14/getUpdates "HTTP/1.1 200 OK"
2026-09-17 23:12:19,940 [INFO] httpx: HTTP Request: POST https://api.telegram.org/bot8697646564:AAEr7EU-tV5yTUAVl1FRpak_g6xXf9VDp14/getUpdates "HTTP/1.1 200 OK"
2026-09-17 23:12:26,061 [INFO] app.auto_heal: auto-heal: cleaned stopped containers
2026-09-17 23:12:45,086 [INFO] httpx: HTTP Request: POST https://api.telegram.org/bot8697646564:AAEr7EU-tV5yTUAVl1FRpak_g6xXf9VDp14/getUpdates "HTTP/1.1 200 OK"
2026-09-17 23:13:10,231 [INFO] httpx: HTTP Request: POST https://api.telegram.org/bot8697646564:AAEr7EU-tV5yTUAVl1FRpak_g6xXf9VDp14/getUpdates "HTTP/1.1 200 OK"
2026-09-17 23:13:35,376 [INFO] httpx: HTTP Request: POST https://api.telegram.org/bot8697646564:AAEr7EU-tV5yTUAVl1FRpak_g6xXf9VDp14/getUpdates "HTTP/1.1 200 OK"
2026-09-17 23:14:00,522 [INFO] httpx: HTTP Request: POST https://api.telegram.org/bot8697646564:AAEr7EU-tV5yTUAVl1FRpak_g6xXf9VDp14/getUpdates "HTTP/1.1 200 OK"
2026-09-17 23:14:25,668 [INFO] httpx: HTTP Request: POST https://api.telegram.org/bot8697646564:AAEr7EU-tV5yTUAVl1FRpak_g6xXf9VDp14/getUpdates "HTTP/1.1 200 OK"
2026-09-17 23:14:26,093 [INFO] app.auto_heal: auto-heal: cleaned stopped containers
2026-09-17 23:14:50,814 [INFO] httpx: HTTP Request: POST https://api.telegram.org/bot8697646564:AAEr7EU-tV5yTUAVl1FRpak_g6xXf9VDp14/getUpdates "HTTP/1.1 200 OK"
2026-09-17 23:15:15,960 [INFO] httpx: HTTP Request: POST https://api.telegram.org/bot8697646564:AAEr7EU-tV5yTUAVl1FRpak_g6xXf9VDp14/getUpdates "HTTP/1.1 200 OK"
2026-09-17 23:15:41,104 [INFO] httpx: HTTP Request: POST https://api.telegram.org/bot8697646564:AAEr7EU-tV5yTUAVl1FRpak_g6xXf9VDp14/getUpdates "HTTP/1.1 200 OK"
2026-09-17 23:16:06,249 [INFO] httpx: HTTP Request: POST https://api.telegram.org/bot8697646564:AAEr7EU-tV5yTUAVl1FRpak_g6xXf9VDp14/getUpdates "HTTP/1.1 200 OK"
2026-09-17 23:16:26,161 [INFO] app.auto_heal: auto-heal: cleaned stopped containers
2026-09-17 23:16:31,394 [INFO] httpx: HTTP Request: POST https://api.telegram.org/bot8697646564:AAEr7EU-tV5yTUAVl1FRpak_g6xXf9VDp14/getUpdates "HTTP/1.1 200 OK"
2026-09-17 23:16:56,540 [INFO] httpx: HTTP Request: POST https://api.telegram.org/bot8697646564:AAEr7EU-tV5yTUAVl1FRpak_g6xXf9VDp14/getUpdates "HTTP/1.1 200 OK"
2026-09-17 23:17:21,687 [INFO] httpx: HTTP Request: POST https://api.telegram.org/bot8697646564:AAEr7EU-tV5yTUAVl1FRpak_g6xXf9VDp14/getUpdates "HTTP/1.1 200 OK"
2026-09-17 23:17:46,832 [INFO] httpx: HTTP Request: POST https://api.telegram.org/bot8697646564:AAEr7EU-tV5yTUAVl1FRpak_g6xXf9VDp14/getUpdates "HTTP/1.1 200 OK"
2026-09-17 23:18:11,977 [INFO] httpx: HTTP Request: POST https://api.telegram.org/bot8697646564:AAEr7EU-tV5yTUAVl1FRpak_g6xXf9VDp14/getUpdates "HTTP/1.1 200 OK"
2026-09-17 23:18:26,204 [INFO] app.auto_heal: auto-heal: cleaned stopped containers
2026-09-17 23:18:37,123 [INFO] httpx: HTTP Request: POST https://api.telegram.org/bot8697646564:AAEr7EU-tV5yTUAVl1FRpak_g6xXf9VDp14/getUpdates "HTTP/1.1 200 OK"
2026-09-17 23:19:02,268 [INFO] httpx: HTTP Request: POST https://api.telegram.org/bot8697646564:AAEr7EU-tV5yTUAVl1FRpak_g6xXf9VDp14/getUpdates "HTTP/1.1 200 OK"
2026-09-17 23:19:27,414 [INFO] httpx: HTTP Request: POST https://api.telegram.org/bot8697646564:AAEr7EU-tV5yTUAVl1FRpak_g6xXf9VDp14/getUpdates "HTTP/1.1 200 OK"
2026-09-17 23:19:52,560 [INFO] httpx: HTTP Request: POST https://api.telegram.org/bot8697646564:AAEr7EU-tV5yTUAVl1FRpak_g6xXf9VDp14/getUpdates "HTTP/1.1 200 OK"
2026-09-17 23:20:17,706 [INFO] httpx: HTTP Request: POST https://api.telegram.org/bot8697646564:AAEr7EU-tV5yTUAVl1FRpak_g6xXf9VDp14/getUpdates "HTTP/1.1 200 OK"
2026-09-17 23:20:26,239 [INFO] app.auto_heal: auto-heal: cleaned stopped containers
2026-09-17 23:20:42,852 [INFO] httpx: HTTP Request: POST https://api.telegram.org/bot8697646564:AAEr7EU-tV5yTUAVl1FRpak_g6xXf9VDp14/getUpdates "HTTP/1.1 200 OK"
2026-09-17 23:21:07,998 [INFO] httpx: HTTP Request: POST https://api.telegram.org/bot8697646564:AAEr7EU-tV5yTUAVl1FRpak_g6xXf9VDp14/getUpdates "HTTP/1.1 200 OK"
2026-09-17 23:21:33,144 [INFO] httpx: HTTP Request: POST https://api.telegram.org/bot8697646564:AAEr7EU-tV5yTUAVl1FRpak_g6xXf9VDp14/getUpdates "HTTP/1.1 200 OK"
2026-09-17 23:21:58,292 [INFO] httpx: HTTP Request: POST https://api.telegram.org/bot8697646564:AAEr7EU-tV5yTUAVl1FRpak_g6xXf9VDp14/getUpdates "HTTP/1.1 200 OK"
2026-09-17 23:22:23,438 [INFO] httpx: HTTP Request: POST https://api.telegram.org/bot8697646564:AAEr7EU-tV5yTUAVl1FRpak_g6xXf9VDp14/getUpdates "HTTP/1.1 200 OK"
2026-09-17 23:22:26,274 [INFO] app.auto_heal: auto-heal: cleaned stopped containers
2026-09-17 23:22:48,584 [INFO] httpx: HTTP Request: POST https://api.telegram.org/bot8697646564:AAEr7EU-tV5yTUAVl1FRpak_g6xXf9VDp14/getUpdates "HTTP/1.1 200 OK"
2026-09-17 23:23:13,729 [INFO] httpx: HTTP Request: POST https://api.telegram.org/bot8697646564:AAEr7EU-tV5yTUAVl1FRpak_g6xXf9VDp14/getUpdates "HTTP/1.1 200 OK"
2026-09-17 23:23:38,875 [INFO] httpx: HTTP Request: POST https://api.telegram.org/bot8697646564:AAEr7EU-tV5yTUAVl1FRpak_g6xXf9VDp14/getUpdates "HTTP/1.1 200 OK"
2026-09-17 23:24:04,020 [INFO] httpx: HTTP Request: POST https://api.telegram.org/bot8697646564:AAEr7EU-tV5yTUAVl1FRpak_g6xXf9VDp14/getUpdates "HTTP/1.1 200 OK"
2026-09-17 23:24:26,317 [INFO] app.auto_heal: auto-heal: cleaned stopped containers
2026-09-17 23:24:29,165 [INFO] httpx: HTTP Request: POST https://api.telegram.org/bot8697646564:AAEr7EU-tV5yTUAVl1FRpak_g6xXf9VDp14/getUpdates "HTTP/1.1 200 OK"
2026-09-17 23:24:54,312 [INFO] httpx: HTTP Request: POST https://api.telegram.org/bot8697646564:AAEr7EU-tV5yTUAVl1FRpak_g6xXf9VDp14/getUpdates "HTTP/1.1 200 OK"
2026-09-17 23:25:19,457 [INFO] httpx: HTTP Request: POST https://api.telegram.org/bot8697646564:AAEr7EU-tV5yTUAVl1FRpak_g6xXf9VDp14/getUpdates "HTTP/1.1 200 OK"
2026-09-17 23:25:44,602 [INFO] httpx: HTTP Request: POST https://api.telegram.org/bot8697646564:AAEr7EU-tV5yTUAVl1FRpak_g6xXf9VDp14/getUpdates "HTTP/1.1 200 OK"
2026-09-17 23:26:09,749 [INFO] httpx: HTTP Request: POST https://api.telegram.org/bot8697646564:AAEr7EU-tV5yTUAVl1FRpak_g6xXf9VDp14/getUpdates "HTTP/1.1 200 OK"
2026-09-17 23:26:26,352 [INFO] app.auto_heal: auto-heal: cleaned stopped containers
2026-09-17 23:26:34,894 [INFO] httpx: HTTP Request: POST https://api.telegram.org/bot8697646564:AAEr7EU-tV5yTUAVl1FRpak_g6xXf9VDp14/getUpdates "HTTP/1.1 200 OK"
2026-09-17 23:27:00,039 [INFO] httpx: HTTP Request: POST https://api.telegram.org/bot8697646564:AAEr7EU-tV5yTUAVl1FRpak_g6xXf9VDp14/getUpdates "HTTP/1.1 200 OK"
2026-09-17 23:27:25,185 [INFO] httpx: HTTP Request: POST https://api.telegram.org/bot8697646564:AAEr7EU-tV5yTUAVl1FRpak_g6xXf9VDp14/getUpdates "HTTP/1.1 200 OK"
2026-09-17 23:27:50,331 [INFO] httpx: HTTP Request: POST https://api.telegram.org/bot8697646564:AAEr7EU-tV5yTUAVl1FRpak_g6xXf9VDp14/getUpdates "HTTP/1.1 200 OK"
2026-09-17 23:28:15,478 [INFO] httpx: HTTP Request: POST https://api.telegram.org/bot8697646564:AAEr7EU-tV5yTUAVl1FRpak_g6xXf9VDp14/getUpdates "HTTP/1.1 200 OK"
2026-09-17 23:28:26,394 [INFO] app.auto_heal: auto-heal: cleaned stopped containers
2026-09-17 23:28:40,994 [INFO] httpx: HTTP Request: POST https://api.telegram.org/bot8697646564:AAEr7EU-tV5yTUAVl1FRpak_g6xXf9VDp14/getUpdates "HTTP/1.1 200 OK"
2026-09-17 23:29:06,153 [INFO] httpx: HTTP Request: POST https://api.telegram.org/bot8697646564:AAEr7EU-tV5yTUAVl1FRpak_g6xXf9VDp14/getUpdates "HTTP/1.1 200 OK"
2026-09-17 23:29:31,312 [INFO] httpx: HTTP Request: POST https://api.telegram.org/bot8697646564:AAEr7EU-tV5yTUAVl1FRpak_g6xXf9VDp14/getUpdates "HTTP/1.1 200 OK"
2026-09-17 23:29:56,466 [INFO] httpx: HTTP Request: POST https://api.telegram.org/bot8697646564:AAEr7EU-tV5yTUAVl1FRpak_g6xXf9VDp14/getUpdates "HTTP/1.1 200 OK"
2026-09-17 23:30:21,620 [INFO] httpx: HTTP Request: POST https://api.telegram.org/bot8697646564:AAEr7EU-tV5yTUAVl1FRpak_g6xXf9VDp14/getUpdates "HTTP/1.1 200 OK"
2026-09-17 23:30:26,428 [INFO] app.auto_heal: auto-heal: cleaned stopped containers
2026-09-17 23:30:46,777 [INFO] httpx: HTTP Request: POST https://api.telegram.org/bot8697646564:AAEr7EU-tV5yTUAVl1FRpak_g6xXf9VDp14/getUpdates "HTTP/1.1 200 OK"
2026-09-17 23:31:11,934 [INFO] httpx: HTTP Request: POST https://api.telegram.org/bot8697646564:AAEr7EU-tV5yTUAVl1FRpak_g6xXf9VDp14/getUpdates "HTTP/1.1 200 OK"
2026-09-17 23:31:37,098 [INFO] httpx: HTTP Request: POST https://api.telegram.org/bot8697646564:AAEr7EU-tV5yTUAVl1FRpak_g6xXf9VDp14/getUpdates "HTTP/1.1 200 OK"
2026-09-17 23:32:02,266 [INFO] httpx: HTTP Request: POST https://api.telegram.org/bot8697646564:AAEr7EU-tV5yTUAVl1FRpak_g6xXf9VDp14/getUpdates "HTTP/1.1 200 OK"
2026-09-17 23:32:26,465 [INFO] app.auto_heal: auto-heal: cleaned stopped containers
2026-09-17 23:32:27,430 [INFO] httpx: HTTP Request: POST https://api.telegram.org/bot8697646564:AAEr7EU-tV5yTUAVl1FRpak_g6xXf9VDp14/getUpdates "HTTP/1.1 200 OK"
2026-09-17 23:32:52,584 [INFO] httpx: HTTP Request: POST https://api.telegram.org/bot8697646564:AAEr7EU-tV5yTUAVl1FRpak_g6xXf9VDp14/getUpdates "HTTP/1.1 200 OK"
2026-09-17 23:33:17,746 [INFO] httpx: HTTP Request: POST https://api.telegram.org/bot8697646564:AAEr7EU-tV5yTUAVl1FRpak_g6xXf9VDp14/getUpdates "HTTP/1.1 200 OK"
2026-09-17 23:33:42,905 [INFO] httpx: HTTP Request: POST https://api.telegram.org/bot8697646564:AAEr7EU-tV5yTUAVl1FRpak_g6xXf9VDp14/getUpdates "HTTP/1.1 200 OK"
2026-09-17 23:34:08,063 [INFO] httpx: HTTP Request: POST https://api.telegram.org/bot8697646564:AAEr7EU-tV5yTUAVl1FRpak_g6xXf9VDp14/getUpdates "HTTP/1.1 200 OK"
2026-09-17 23:34:26,500 [INFO] app.auto_heal: auto-heal: cleaned stopped containers
2026-09-17 23:34:33,215 [INFO] httpx: HTTP Request: POST https://api.telegram.org/bot8697646564:AAEr7EU-tV5yTUAVl1FRpak_g6xXf9VDp14/getUpdates "HTTP/1.1 200 OK"
2026-09-17 23:34:58,370 [INFO] httpx: HTTP Request: POST https://api.telegram.org/bot8697646564:AAEr7EU-tV5yTUAVl1FRpak_g6xXf9VDp14/getUpdates "HTTP/1.1 200 OK"
2026-09-17 23:35:23,522 [INFO] httpx: HTTP Request: POST https://api.telegram.org/bot8697646564:AAEr7EU-tV5yTUAVl1FRpak_g6xXf9VDp14/getUpdates "HTTP/1.1 200 OK"
2026-09-17 23:35:48,676 [INFO] httpx: HTTP Request: POST https://api.telegram.org/bot8697646564:AAEr7EU-tV5yTUAVl1FRpak_g6xXf9VDp14/getUpdates "HTTP/1.1 200 OK"
2026-09-17 23:36:13,828 [INFO] httpx: HTTP Request: POST https://api.telegram.org/bot8697646564:AAEr7EU-tV5yTUAVl1FRpak_g6xXf9VDp14/getUpdates "HTTP/1.1 200 OK"
2026-09-17 23:36:26,533 [INFO] app.auto_heal: auto-heal: cleaned stopped containers
2026-09-17 23:36:38,980 [INFO] httpx: HTTP Request: POST https://api.telegram.org/bot8697646564:AAEr7EU-tV5yTUAVl1FRpak_g6xXf9VDp14/getUpdates "HTTP/1.1 200 OK"
2026-09-17 23:37:04,131 [INFO] httpx: HTTP Request: POST https://api.telegram.org/bot8697646564:AAEr7EU-tV5yTUAVl1FRpak_g6xXf9VDp14/getUpdates "HTTP/1.1 200 OK"
2026-09-17 23:37:29,289 [INFO] httpx: HTTP Request: POST https://api.telegram.org/bot8697646564:AAEr7EU-tV5yTUAVl1FRpak_g6xXf9VDp14/getUpdates "HTTP/1.1 200 OK"
2026-09-17 23:37:54,450 [INFO] httpx: HTTP Request: POST https://api.telegram.org/bot8697646564:AAEr7EU-tV5yTUAVl1FRpak_g6xXf9VDp14/getUpdates "HTTP/1.1 200 OK"
2026-09-17 23:38:19,606 [INFO] httpx: HTTP Request: POST https://api.telegram.org/bot8697646564:AAEr7EU-tV5yTUAVl1FRpak_g6xXf9VDp14/getUpdates "HTTP/1.1 200 OK"
2026-09-17 23:38:26,572 [INFO] app.auto_heal: auto-heal: cleaned stopped containers
2026-09-17 23:38:44,760 [INFO] httpx: HTTP Request: POST https://api.telegram.org/bot8697646564:AAEr7EU-tV5yTUAVl1FRpak_g6xXf9VDp14/getUpdates "HTTP/1.1 200 OK"
2026-09-17 23:39:09,916 [INFO] httpx: HTTP Request: POST https://api.telegram.org/bot8697646564:AAEr7EU-tV5yTUAVl1FRpak_g6xXf9VDp14/getUpdates "HTTP/1.1 200 OK"
2026-09-17 23:39:35,070 [INFO] httpx: HTTP Request: POST https://api.telegram.org/bot8697646564:AAEr7EU-tV5yTUAVl1FRpak_g6xXf9VDp14/getUpdates "HTTP/1.1 200 OK"
2026-09-17 23:40:00,225 [INFO] httpx: HTTP Request: POST https://api.telegram.org/bot8697646564:AAEr7EU-tV5yTUAVl1FRpak_g6xXf9VDp14/getUpdates "HTTP/1.1 200 OK"
2026-09-17 23:40:25,381 [INFO] httpx: HTTP Request: POST https://api.telegram.org/bot8697646564:AAEr7EU-tV5yTUAVl1FRpak_g6xXf9VDp14/getUpdates "HTTP/1.1 200 OK"
2026-09-17 23:40:26,618 [INFO] app.auto_heal: auto-heal: cleaned stopped containers
2026-09-17 23:40:50,537 [INFO] httpx: HTTP Request: POST https://api.telegram.org/bot8697646564:AAEr7EU-tV5yTUAVl1FRpak_g6xXf9VDp14/getUpdates "HTTP/1.1 200 OK"
2026-09-17 23:41:15,691 [INFO] httpx: HTTP Request: POST https://api.telegram.org/bot8697646564:AAEr7EU-tV5yTUAVl1FRpak_g6xXf9VDp14/getUpdates "HTTP/1.1 200 OK"
2026-09-17 23:41:40,843 [INFO] httpx: HTTP Request: POST https://api.telegram.org/bot8697646564:AAEr7EU-tV5yTUAVl1FRpak_g6xXf9VDp14/getUpdates "HTTP/1.1 200 OK"
2026-09-17 23:42:05,998 [INFO] httpx: HTTP Request: POST https://api.telegram.org/bot8697646564:AAEr7EU-tV5yTUAVl1FRpak_g6xXf9VDp14/getUpdates "HTTP/1.1 200 OK"
2026-09-17 23:42:26,651 [INFO] app.auto_heal: auto-heal: cleaned stopped containers
2026-09-17 23:42:31,151 [INFO] httpx: HTTP Request: POST https://api.telegram.org/bot8697646564:AAEr7EU-tV5yTUAVl1FRpak_g6xXf9VDp14/getUpdates "HTTP/1.1 200 OK"
2026-09-17 23:42:56,310 [INFO] httpx: HTTP Request: POST https://api.telegram.org/bot8697646564:AAEr7EU-tV5yTUAVl1FRpak_g6xXf9VDp14/getUpdates "HTTP/1.1 200 OK"
2026-09-17 23:43:21,464 [INFO] httpx: HTTP Request: POST https://api.telegram.org/bot8697646564:AAEr7EU-tV5yTUAVl1FRpak_g6xXf9VDp14/getUpdates "HTTP/1.1 200 OK"
2026-09-17 23:43:46,621 [INFO] httpx: HTTP Request: POST https://api.telegram.org/bot8697646564:AAEr7EU-tV5yTUAVl1FRpak_g6xXf9VDp14/getUpdates "HTTP/1.1 200 OK"
2026-09-17 23:44:11,774 [INFO] httpx: HTTP Request: POST https://api.telegram.org/bot8697646564:AAEr7EU-tV5yTUAVl1FRpak_g6xXf9VDp14/getUpdates "HTTP/1.1 200 OK"
2026-09-17 23:44:26,688 [INFO] app.auto_heal: auto-heal: cleaned stopped containers
2026-09-17 23:44:36,931 [INFO] httpx: HTTP Request: POST https://api.telegram.org/bot8697646564:AAEr7EU-tV5yTUAVl1FRpak_g6xXf9VDp14/getUpdates "HTTP/1.1 200 OK"
2026-09-17 23:45:02,089 [INFO] httpx: HTTP Request: POST https://api.telegram.org/bot8697646564:AAEr7EU-tV5yTUAVl1FRpak_g6xXf9VDp14/getUpdates "HTTP/1.1 200 OK"
2026-09-17 23:45:27,255 [INFO] httpx: HTTP Request: POST https://api.telegram.org/bot8697646564:AAEr7EU-tV5yTUAVl1FRpak_g6xXf9VDp14/getUpdates "HTTP/1.1 200 OK"
2026-09-17 23:45:52,413 [INFO] httpx: HTTP Request: POST https://api.telegram.org/bot8697646564:AAEr7EU-tV5yTUAVl1FRpak_g6xXf9VDp14/getUpdates "HTTP/1.1 200 OK"
2026-09-17 23:46:17,566 [INFO] httpx: HTTP Request: POST https://api.telegram.org/bot8697646564:AAEr7EU-tV5yTUAVl1FRpak_g6xXf9VDp14/getUpdates "HTTP/1.1 200 OK"
2026-09-17 23:46:26,733 [INFO] app.auto_heal: auto-heal: cleaned stopped containers
2026-09-17 23:46:42,720 [INFO] httpx: HTTP Request: POST https://api.telegram.org/bot8697646564:AAEr7EU-tV5yTUAVl1FRpak_g6xXf9VDp14/getUpdates "HTTP/1.1 200 OK"
2026-09-17 23:47:07,875 [INFO] httpx: HTTP Request: POST https://api.telegram.org/bot8697646564:AAEr7EU-tV5yTUAVl1FRpak_g6xXf9VDp14/getUpdates "HTTP/1.1 200 OK"
2026-09-17 23:47:33,043 [INFO] httpx: HTTP Request: POST https://api.telegram.org/bot8697646564:AAEr7EU-tV5yTUAVl1FRpak_g6xXf9VDp14/getUpdates "HTTP/1.1 200 OK"
2026-09-17 23:47:58,194 [INFO] httpx: HTTP Request: POST https://api.telegram.org/bot8697646564:AAEr7EU-tV5yTUAVl1FRpak_g6xXf9VDp14/getUpdates "HTTP/1.1 200 OK"
2026-09-17 23:48:23,348 [INFO] httpx: HTTP Request: POST https://api.telegram.org/bot8697646564:AAEr7EU-tV5yTUAVl1FRpak_g6xXf9VDp14/getUpdates "HTTP/1.1 200 OK"
2026-09-17 23:48:26,774 [INFO] app.auto_heal: auto-heal: cleaned stopped containers
2026-09-17 23:48:48,501 [INFO] httpx: HTTP Request: POST https://api.telegram.org/bot8697646564:AAEr7EU-tV5yTUAVl1FRpak_g6xXf9VDp14/getUpdates "HTTP/1.1 200 OK"
2026-09-17 23:49:13,656 [INFO] httpx: HTTP Request: POST https://api.telegram.org/bot8697646564:AAEr7EU-tV5yTUAVl1FRpak_g6xXf9VDp14/getUpdates "HTTP/1.1 200 OK"
2026-09-17 23:49:38,807 [INFO] httpx: HTTP Request: POST https://api.telegram.org/bot8697646564:AAEr7EU-tV5yTUAVl1FRpak_g6xXf9VDp14/getUpdates "HTTP/1.1 200 OK"
2026-09-17 23:50:03,966 [INFO] httpx: HTTP Request: POST https://api.telegram.org/bot8697646564:AAEr7EU-tV5yTUAVl1FRpak_g6xXf9VDp14/getUpdates "HTTP/1.1 200 OK"
2026-09-17 23:50:26,807 [INFO] app.auto_heal: auto-heal: cleaned stopped containers
2026-09-17 23:50:29,119 [INFO] httpx: HTTP Request: POST https://api.telegram.org/bot8697646564:AAEr7EU-tV5yTUAVl1FRpak_g6xXf9VDp14/getUpdates "HTTP/1.1 200 OK"
2026-09-17 23:50:54,270 [INFO] httpx: HTTP Request: POST https://api.telegram.org/bot8697646564:AAEr7EU-tV5yTUAVl1FRpak_g6xXf9VDp14/getUpdates "HTTP/1.1 200 OK"
2026-09-17 23:51:19,429 [INFO] httpx: HTTP Request: POST https://api.telegram.org/bot8697646564:AAEr7EU-tV5yTUAVl1FRpak_g6xXf9VDp14/getUpdates "HTTP/1.1 200 OK"
2026-09-17 23:51:44,582 [INFO] httpx: HTTP Request: POST https://api.telegram.org/bot8697646564:AAEr7EU-tV5yTUAVl1FRpak_g6xXf9VDp14/getUpdates "HTTP/1.1 200 OK"
2026-09-17 23:52:09,735 [INFO] httpx: HTTP Request: POST https://api.telegram.org/bot8697646564:AAEr7EU-tV5yTUAVl1FRpak_g6xXf9VDp14/getUpdates "HTTP/1.1 200 OK"
2026-09-17 23:52:26,844 [INFO] app.auto_heal: auto-heal: cleaned stopped containers
2026-09-17 23:52:34,894 [INFO] httpx: HTTP Request: POST https://api.telegram.org/bot8697646564:AAEr7EU-tV5yTUAVl1FRpak_g6xXf9VDp14/getUpdates "HTTP/1.1 200 OK"
2026-09-17 23:53:00,049 [INFO] httpx: HTTP Request: POST https://api.telegram.org/bot8697646564:AAEr7EU-tV5yTUAVl1FRpak_g6xXf9VDp14/getUpdates "HTTP/1.1 200 OK"
2026-09-17 23:53:25,210 [INFO] httpx: HTTP Request: POST https://api.telegram.org/bot8697646564:AAEr7EU-tV5yTUAVl1FRpak_g6xXf9VDp14/getUpdates "HTTP/1.1 200 OK"
2026-09-17 23:53:50,394 [INFO] httpx: HTTP Request: POST https://api.telegram.org/bot8697646564:AAEr7EU-tV5yTUAVl1FRpak_g6xXf9VDp14/getUpdates "HTTP/1.1 200 OK"
2026-09-17 23:54:15,554 [INFO] httpx: HTTP Request: POST https://api.telegram.org/bot8697646564:AAEr7EU-tV5yTUAVl1FRpak_g6xXf9VDp14/getUpdates "HTTP/1.1 200 OK"
2026-09-17 23:54:26,882 [INFO] app.auto_heal: auto-heal: cleaned stopped containers
2026-09-17 23:54:40,707 [INFO] httpx: HTTP Request: POST https://api.telegram.org/bot8697646564:AAEr7EU-tV5yTUAVl1FRpak_g6xXf9VDp14/getUpdates "HTTP/1.1 200 OK"
2026-09-17 23:55:05,862 [INFO] httpx: HTTP Request: POST https://api.telegram.org/bot8697646564:AAEr7EU-tV5yTUAVl1FRpak_g6xXf9VDp14/getUpdates "HTTP/1.1 200 OK"
2026-09-17 23:55:31,016 [INFO] httpx: HTTP Request: POST https://api.telegram.org/bot8697646564:AAEr7EU-tV5yTUAVl1FRpak_g6xXf9VDp14/getUpdates "HTTP/1.1 200 OK"
2026-09-17 23:55:56,173 [INFO] httpx: HTTP Request: POST https://api.telegram.org/bot8697646564:AAEr7EU-tV5yTUAVl1FRpak_g6xXf9VDp14/getUpdates "HTTP/1.1 200 OK"
2026-09-17 23:56:21,328 [INFO] httpx: HTTP Request: POST https://api.telegram.org/bot8697646564:AAEr7EU-tV5yTUAVl1FRpak_g6xXf9VDp14/getUpdates "HTTP/1.1 200 OK"
2026-09-17 23:56:26,920 [INFO] app.auto_heal: auto-heal: cleaned stopped containers
2026-09-17 23:56:46,481 [INFO] httpx: HTTP Request: POST https://api.telegram.org/bot8697646564:AAEr7EU-tV5yTUAVl1FRpak_g6xXf9VDp14/getUpdates "HTTP/1.1 200 OK"
2026-09-17 23:57:11,644 [INFO] httpx: HTTP Request: POST https://api.telegram.org/bot8697646564:AAEr7EU-tV5yTUAVl1FRpak_g6xXf9VDp14/getUpdates "HTTP/1.1 200 OK"
2026-09-17 23:57:36,798 [INFO] httpx: HTTP Request: POST https://api.telegram.org/bot8697646564:AAEr7EU-tV5yTUAVl1FRpak_g6xXf9VDp14/getUpdates "HTTP/1.1 200 OK"
2026-09-17 23:58:01,950 [INFO] httpx: HTTP Request: POST https://api.telegram.org/bot8697646564:AAEr7EU-tV5yTUAVl1FRpak_g6xXf9VDp14/getUpdates "HTTP/1.1 200 OK"
2026-09-17 23:58:26,960 [INFO] app.auto_heal: auto-heal: cleaned stopped containers
2026-09-17 23:58:27,106 [INFO] httpx: HTTP Request: POST https://api.telegram.org/bot8697646564:AAEr7EU-tV5yTUAVl1FRpak_g6xXf9VDp14/getUpdates "HTTP/1.1 200 OK"
2026-09-17 23:58:52,262 [INFO] httpx: HTTP Request: POST https://api.telegram.org/bot8697646564:AAEr7EU-tV5yTUAVl1FRpak_g6xXf9VDp14/getUpdates "HTTP/1.1 200 OK"
2026-09-17 23:59:17,427 [INFO] httpx: HTTP Request: POST https://api.telegram.org/bot8697646564:AAEr7EU-tV5yTUAVl1FRpak_g6xXf9VDp14/getUpdates "HTTP/1.1 200 OK"
2026-09-17 23:59:42,584 [INFO] httpx: HTTP Request: POST https://api.telegram.org/bot8697646564:AAEr7EU-tV5yTUAVl1FRpak_g6xXf9VDp14/getUpdates "HTTP/1.1 200 OK"
2026-09-18 00:00:07,776 [INFO] httpx: HTTP Request: POST https://api.telegram.org/bot8697646564:AAEr7EU-tV5yTUAVl1FRpak_g6xXf9VDp14/getUpdates "HTTP/1.1 200 OK"
2026-09-18 00:00:26,997 [INFO] app.auto_heal: auto-heal: cleaned stopped containers
2026-09-18 00:00:32,933 [INFO] httpx: HTTP Request: POST https://api.telegram.org/bot8697646564:AAEr7EU-tV5yTUAVl1FRpak_g6xXf9VDp14/getUpdates "HTTP/1.1 200 OK"
2026-09-18 00:00:58,088 [INFO] httpx: HTTP Request: POST https://api.telegram.org/bot8697646564:AAEr7EU-tV5yTUAVl1FRpak_g6xXf9VDp14/getUpdates "HTTP/1.1 200 OK"
2026-09-18 00:01:23,247 [INFO] httpx: HTTP Request: POST https://api.telegram.org/bot8697646564:AAEr7EU-tV5yTUAVl1FRpak_g6xXf9VDp14/getUpdates "HTTP/1.1 200 OK"
2026-09-18 00:01:48,402 [INFO] httpx: HTTP Request: POST https://api.telegram.org/bot8697646564:AAEr7EU-tV5yTUAVl1FRpak_g6xXf9VDp14/getUpdates "HTTP/1.1 200 OK"
2026-09-18 00:02:13,555 [INFO] httpx: HTTP Request: POST https://api.telegram.org/bot8697646564:AAEr7EU-tV5yTUAVl1FRpak_g6xXf9VDp14/getUpdates "HTTP/1.1 200 OK"
2026-09-18 00:02:27,038 [INFO] app.auto_heal: auto-heal: cleaned stopped containers
2026-09-18 00:02:38,711 [INFO] httpx: HTTP Request: POST https://api.telegram.org/bot8697646564:AAEr7EU-tV5yTUAVl1FRpak_g6xXf9VDp14/getUpdates "HTTP/1.1 200 OK"
2026-09-18 00:03:03,873 [INFO] httpx: HTTP Request: POST https://api.telegram.org/bot8697646564:AAEr7EU-tV5yTUAVl1FRpak_g6xXf9VDp14/getUpdates "HTTP/1.1 200 OK"
2026-09-18 00:03:29,030 [INFO] httpx: HTTP Request: POST https://api.telegram.org/bot8697646564:AAEr7EU-tV5yTUAVl1FRpak_g6xXf9VDp14/getUpdates "HTTP/1.1 200 OK"
2026-09-18 00:03:54,186 [INFO] httpx: HTTP Request: POST https://api.telegram.org/bot8697646564:AAEr7EU-tV5yTUAVl1FRpak_g6xXf9VDp14/getUpdates "HTTP/1.1 200 OK"
2026-09-18 00:04:19,362 [INFO] httpx: HTTP Request: POST https://api.telegram.org/bot8697646564:AAEr7EU-tV5yTUAVl1FRpak_g6xXf9VDp14/getUpdates "HTTP/1.1 200 OK"
2026-09-18 00:04:27,081 [INFO] app.auto_heal: auto-heal: cleaned stopped containers
2026-09-18 00:04:44,521 [INFO] httpx: HTTP Request: POST https://api.telegram.org/bot8697646564:AAEr7EU-tV5yTUAVl1FRpak_g6xXf9VDp14/getUpdates "HTTP/1.1 200 OK"
2026-09-18 00:05:09,676 [INFO] httpx: HTTP Request: POST https://api.telegram.org/bot8697646564:AAEr7EU-tV5yTUAVl1FRpak_g6xXf9VDp14/getUpdates "HTTP/1.1 200 OK"
2026-09-18 00:05:34,841 [INFO] httpx: HTTP Request: POST https://api.telegram.org/bot8697646564:AAEr7EU-tV5yTUAVl1FRpak_g6xXf9VDp14/getUpdates "HTTP/1.1 200 OK"
2026-09-18 00:05:59,995 [INFO] httpx: HTTP Request: POST https://api.telegram.org/bot8697646564:AAEr7EU-tV5yTUAVl1FRpak_g6xXf9VDp14/getUpdates "HTTP/1.1 200 OK"
2026-09-18 00:06:25,170 [INFO] httpx: HTTP Request: POST https://api.telegram.org/bot8697646564:AAEr7EU-tV5yTUAVl1FRpak_g6xXf9VDp14/getUpdates "HTTP/1.1 200 OK"
2026-09-18 00:06:27,121 [INFO] app.auto_heal: auto-heal: cleaned stopped containers
2026-09-18 00:06:50,323 [INFO] httpx: HTTP Request: POST https://api.telegram.org/bot8697646564:AAEr7EU-tV5yTUAVl1FRpak_g6xXf9VDp14/getUpdates "HTTP/1.1 200 OK"
2026-09-18 00:07:15,484 [INFO] httpx: HTTP Request: POST https://api.telegram.org/bot8697646564:AAEr7EU-tV5yTUAVl1FRpak_g6xXf9VDp14/getUpdates "HTTP/1.1 200 OK"
2026-09-18 00:07:40,644 [INFO] httpx: HTTP Request: POST https://api.telegram.org/bot8697646564:AAEr7EU-tV5yTUAVl1FRpak_g6xXf9VDp14/getUpdates "HTTP/1.1 200 OK"
2026-09-18 00:08:05,800 [INFO] httpx: HTTP Request: POST https://api.telegram.org/bot8697646564:AAEr7EU-tV5yTUAVl1FRpak_g6xXf9VDp14/getUpdates "HTTP/1.1 200 OK"
2026-09-18 00:08:27,153 [INFO] app.auto_heal: auto-heal: cleaned stopped containers
2026-09-18 00:08:30,954 [INFO] httpx: HTTP Request: POST https://api.telegram.org/bot8697646564:AAEr7EU-tV5yTUAVl1FRpak_g6xXf9VDp14/getUpdates "HTTP/1.1 200 OK"
2026-09-18 00:08:56,109 [INFO] httpx: HTTP Request: POST https://api.telegram.org/bot8697646564:AAEr7EU-tV5yTUAVl1FRpak_g6xXf9VDp14/getUpdates "HTTP/1.1 200 OK"
2026-09-18 00:09:21,266 [INFO] httpx: HTTP Request: POST https://api.telegram.org/bot8697646564:AAEr7EU-tV5yTUAVl1FRpak_g6xXf9VDp14/getUpdates "HTTP/1.1 200 OK"
2026-09-18 00:09:46,420 [INFO] httpx: HTTP Request: POST https://api.telegram.org/bot8697646564:AAEr7EU-tV5yTUAVl1FRpak_g6xXf9VDp14/getUpdates "HTTP/1.1 200 OK"
2026-09-18 00:10:11,579 [INFO] httpx: HTTP Request: POST https://api.telegram.org/bot8697646564:AAEr7EU-tV5yTUAVl1FRpak_g6xXf9VDp14/getUpdates "HTTP/1.1 200 OK"
2026-09-18 00:10:27,187 [INFO] app.auto_heal: auto-heal: cleaned stopped containers
2026-09-18 00:10:36,740 [INFO] httpx: HTTP Request: POST https://api.telegram.org/bot8697646564:AAEr7EU-tV5yTUAVl1FRpak_g6xXf9VDp14/getUpdates "HTTP/1.1 200 OK"
2026-09-18 00:11:01,894 [INFO] httpx: HTTP Request: POST https://api.telegram.org/bot8697646564:AAEr7EU-tV5yTUAVl1FRpak_g6xXf9VDp14/getUpdates "HTTP/1.1 200 OK"
2026-09-18 00:11:27,048 [INFO] httpx: HTTP Request: POST https://api.telegram.org/bot8697646564:AAEr7EU-tV5yTUAVl1FRpak_g6xXf9VDp14/getUpdates "HTTP/1.1 200 OK"
2026-09-18 00:11:52,204 [INFO] httpx: HTTP Request: POST https://api.telegram.org/bot8697646564:AAEr7EU-tV5yTUAVl1FRpak_g6xXf9VDp14/getUpdates "HTTP/1.1 200 OK"
2026-09-18 00:12:17,364 [INFO] httpx: HTTP Request: POST https://api.telegram.org/bot8697646564:AAEr7EU-tV5yTUAVl1FRpak_g6xXf9VDp14/getUpdates "HTTP/1.1 200 OK"
2026-09-18 00:12:27,224 [INFO] app.auto_heal: auto-heal: cleaned stopped containers
2026-09-18 00:12:42,528 [INFO] httpx: HTTP Request: POST https://api.telegram.org/bot8697646564:AAEr7EU-tV5yTUAVl1FRpak_g6xXf9VDp14/getUpdates "HTTP/1.1 200 OK"
2026-09-18 00:13:07,683 [INFO] httpx: HTTP Request: POST https://api.telegram.org/bot8697646564:AAEr7EU-tV5yTUAVl1FRpak_g6xXf9VDp14/getUpdates "HTTP/1.1 200 OK"
2026-09-18 00:13:32,848 [INFO] httpx: HTTP Request: POST https://api.telegram.org/bot8697646564:AAEr7EU-tV5yTUAVl1FRpak_g6xXf9VDp14/getUpdates "HTTP/1.1 200 OK"
2026-09-18 00:13:58,009 [INFO] httpx: HTTP Request: POST https://api.telegram.org/bot8697646564:AAEr7EU-tV5yTUAVl1FRpak_g6xXf9VDp14/getUpdates "HTTP/1.1 200 OK"
